Tilda UID;Brand;SKU;Mark;Category;Title;Description;Text;Photo;Price;Quantity;Price Old;Editions;Modifications;External ID;Parent UID;Characteristics:Цвет;Characteristics:Размер;Characteristics:Состав;Weight;Length;Width;Height
3,239E+11;;;;Худи и толстовки;Кардиган;Кардиган;;https://static.tildacdn.com/stor6463-3661-4433-b565-383533346536/41348262.jpg;;;;;;fa037918-3414-11ed-bc8c-18037346542a;;сиреневый;"XS/S (40-42); M/L (44-46)";65% хлопок, 27% полиэстер, 8% лайкра;0;0;0;0
5,25162E+11;;RE-CAR-L-01;;;Кардиган / XS/S (40-42)- XS/S (40-42);;;;7999.00;0;;Размеры:XS/S (40-42);;GGlCHr320fN1TYURKKkk;3,239E+11;;;;0;0;0;0
7,26799E+11;;RE-CAR-L-02;;;Кардиган / M/L (44-46)- M/L (44-46);;;;7999.00;1;;Размеры:M/L (44-46);;G73KUcYLmyUNhgjkkNrE;3,239E+11;;;;0;0;0;0
8,1368E+11;;;;Худи и толстовки;Кардиган флисовый;;;https://static.tildacdn.com/stor6461-6234-4439-a333-653732346461/40207556.jpg;;;;;;fa037925-3414-11ed-bc8c-18037346542a;;сине-зеленый;;100% полиэстер;0;0;0;0
8,40644E+11;;RE-CAR-BG-01;;;Кардиган флисовый / XS-S- XS-S;;;;9990.00;1;;Размеры:XS-S;;LZnB2y5XBks9ZMzyecOn;8,1368E+11;;;;0;0;0;0
5,32788E+11;;RE-CAR-BG-02;;;Кардиган флисовый / M-L- M-L;;;;9990.00;1;;Размеры:M-L;;BHnenv9rjBfzMiYc26fi;8,1368E+11;;;;0;0;0;0
2,57494E+11;;RE-TR-WH-01;;"Брюки и шорты;SOFT TOUCH";Брюки для йоги;Брюки для йоги;;https://static.tildacdn.com/stor6165-3366-4739-b333-393337623733/72451485.jpg;5199.00;1;;;;9fd1c4b2-3426-11ed-bc8c-18037346542a;;белый;onesize;70% вискоза, 25% полиэстер, 5% эластан;0;0;0;0
2,75178E+11;;RE-TR-PIN-05;;"Брюки и шорты;SOFT TOUCH";Брюки для йоги;Брюки для йоги;;https://static.tildacdn.com/stor6334-3537-4561-b639-666436636532/90727682.jpg;5199.00;5;;;;9fd1c4b5-3426-11ed-bc8c-18037346542a;;розовый;onesize;70% вискоза, 25% полиэстер, 5% эластан;0;0;0;0
1,74307E+11;;;;"Брюки и шорты;SOFT TOUCH";Брюки прямые;Брюки;;https://static.tildacdn.com/stor6564-3139-4539-a431-363865663738/18045077.jpg;;;;;;9fd1c4bc-3426-11ed-bc8c-18037346542a;;коричневый;"XS/S (40-42); M/L (44-46) L (46)";95% полиэстер 5% спандекс;0;0;0;0
6,57408E+11;;RE-TR-PR-01;;;Брюки прямые / XS/S (40-42)- XS/S (40-42);;;;7190.00;1;;Размеры:XS/S (40-42);;AJozULDC7uBvH6Z8zadm;1,74307E+11;;;;0;0;0;0
2,57559E+11;;RE-TR-PR-02;;;Брюки прямые / M/L (44-46)- M/L (44-46);;;;7190.00;1;;Размеры:M/L (44-46);;LDf9O3hzCfXaLXfg4TeT;1,74307E+11;;;;0;0;0;0
6,1644E+11;;RE-TR-PR-03;;;Брюки прямые / l (46)- l (46);;;;7190.00;1;;Размеры:l (46);;zYsOEgE1I7eeDguobzRV;1,74307E+11;;;;0;0;0;0
9,28386E+11;;;;"Брюки и шорты;SOFT TOUCH";Брюки прямые;;;https://static.tildacdn.com/stor3335-3237-4734-b064-393434646563/60307564.jpg;;;;;;9fd1c4c5-3426-11ed-bc8c-18037346542a;;белый;"XS/S (40-42); M/L (44-46)";95% полиэстер 5% спандекс;0;0;0;0
3,39511E+11;;RE-TR-W-01;;;Брюки прямые / XS/S (40-42)- XS/S (40-42);;;;7190.00;;;Размеры:XS/S (40-42);;EiY7uPf1MZUgsfddlmRV;9,28386E+11;;;;0;0;0;0
4,4364E+11;;RE-TR-W-02;;;Брюки прямые / M/L (44-46)- M/L (44-46);;;;7190.00;;;Размеры:M/L (44-46);;2ccvMHAYTysNntd6kI36;9,28386E+11;;;;0;0;0;0
8,9221E+11;;RE-TR-W-03;;;Брюки прямые / l (46)- l (46);;;;7190.00;;;Размеры:l (46);;gJKGKnScGXEZNeHVl9dI;9,28386E+11;;;;0;0;0;0
1,8696E+11;;;;"Брюки и шорты;SOFT TOUCH";Брюки прямые;Брюки;;https://static.tildacdn.com/stor3065-3562-4731-a661-313338333761/97172564.jpg;;;;;;9fd1c4ca-3426-11ed-bc8c-18037346542a;;синий;"XS/S (40-42); M/L (44-46) L (46)";95% полиэстер , 5% спандекс;0;0;0;0
1,94686E+11;;RE-TR-DBLUE-01;;;Брюки прямые / XS/S (40-42)- XS/S (40-42);;;;7190.00;10;;Размеры:XS/S (40-42);;ZGiDK1SNrM75a5uKzC0P;1,8696E+11;;;;0;0;0;0
8,02116E+11;;RE-TR-DBLUE-02;;;Брюки прямые / M/L (44-46)- M/L (44-46);;;;7190.00;10;;Размеры:M/L (44-46);;tI5AgFV35FeFFME1MNle;1,8696E+11;;;;0;0;0;0
1,27953E+11;;RE-TR-DBLUE-03;;;Брюки прямые / L (46)- L (46);;;;7190.00;5;;Размеры:L (46);;oardEusY6JvnyarYVZoL;1,8696E+11;;;;0;0;0;0
7,16436E+11;;;;"Брюки и шорты;SOFT TOUCH";Брюки прямые;;;https://static.tildacdn.com/stor3233-3361-4661-a261-623666313138/59207563.jpg;;;;;;9fd1c4ce-3426-11ed-bc8c-18037346542a;;черный;"XS/S (40-42); M/L (44-46)";95% полиэстер 5% спандекс;0;0;0;0
4,80046E+11;;RE-TR-BL-01;;;Брюки прямые / XS/S (40-42)- XS/S (40-42);;;;7190.00;16;;Размеры:XS/S (40-42);;ZfoOnJ0aNUY0VtiigOJe;7,16436E+11;;;;0;0;0;0
3,58067E+11;;RE-TR-BL-02;;;Брюки прямые / M/L (44-46)- M/L (44-46);;;;7190.00;10;;Размеры:M/L (44-46);;gbJh8ACNn0UP6kuLdj4I;7,16436E+11;;;;0;0;0;0
5,75662E+11;;RE-TR-BL-03;;;Брюки прямые / l (46)- l (46);;;;7190.00;10;;Размеры:l (46);;VD8aUvABLEuFAa4M2dfV;7,16436E+11;;;;0;0;0;0
6,77751E+11;;;;Брюки и шорты;Брюки плащевые;;;https://static.tildacdn.com/stor6330-6131-4762-b561-663835636639/86071373.jpg;;;;;;26c87198-342c-11ed-bc8c-18037346542a;;голубой-мультиколор;;100% полиэстер;0;0;0;0
8,61997E+11;;RE-TR-BMP-01;;;Брюки плащевые / XS-S- XS-S;;;;10390.00;10;;Размеры:XS-S;;xkS98jHZbhYlVlNuFyAp;6,77751E+11;;;;0;0;0;0
3,58707E+11;;RE-TR-BMP-02;;;Брюки плащевые / M-L- M-L;;;;10390.00;;;Размеры:M-L;;j9GYprZxHtVEoO3j2Sgi;6,77751E+11;;;;0;0;0;0
6,71629E+11;;;;Брюки и шорты;Брюки плащевые;;;https://static.tildacdn.com/stor3134-3236-4561-a236-633765306532/74964112.jpg;;;;;;26c8719d-342c-11ed-bc8c-18037346542a;;хаки-мультиколор;XS/S (40-42);100% полиэфир;0;0;0;0
7,71806E+11;;RE-TR-HM-01;;;Брюки плащевые / XS-S- XS-S;;;;10390.00;7;;Размеры:XS-S;;yHX866RsljMyXFYCyM8B;6,71629E+11;;;;0;0;0;0
5,46849E+11;;RE-TR-HM-02;;;Брюки плащевые / M-L- M-L;;;;10390.00;6;;Размеры:M-L;;FCCBnfm4bh9maf9xAT6a;6,71629E+11;;;;0;0;0;0
7,79577E+11;;RE-TS-W-01;;"Топы и футболки;SOFT TOUCH";Футболка-туника;Футболка-туника;;https://static.tildacdn.com/stor3035-3030-4938-b965-643137626430/48489257.jpg;5890.00;5;;;;097b3276-3434-11ed-bc8c-18037346542a;;белый;onesize;70% вискоза, 25% полиэстер, 5% эластан;0;0;0;0
5,35241E+11;;RE-TS-O-01;;Топы и футболки;Кроп-топ;Кроп-топ;;https://static.tildacdn.com/stor6530-6665-4531-a461-626661366435/49243797.jpg;4790.00;1;;;;097b3292-3434-11ed-bc8c-18037346542a;;оранжевый;oversize;70% вискоза, 25% полиэстер, 5% эластан;0;0;0;0
1,30016E+11;;RE-TS-HA-01;;"Топы и футболки;SOFT TOUCH";Кроп-топ;;;https://static.tildacdn.com/stor6462-3734-4539-a261-393166336234/12172108.jpg;4790.00;5;;;;097b3294-3434-11ed-bc8c-18037346542a;;Хакки;oversize;70% вискоза, 25% полиэстер, 5% эластан;0;0;0;0
6,37237E+11;;RE-TS-PR-02;;"Топы и футболки;SOFT TOUCH";Кроп-топ;;;https://static.tildacdn.com/stor3565-6537-4339-b464-396435653935/82091488.jpg;4790.00;3;;;;097b3296-3434-11ed-bc8c-18037346542a;;пыльно-розовый;oversize;70% вискоза, 25% полиэстер, 5% эластан;0;0;0;0
8,78488E+11;;RE-TS-TU-02;;"Топы и футболки;SOFT TOUCH";Кроп-топ;;;https://static.tildacdn.com/stor3762-6666-4131-b534-333239343032/13165162.jpg;4790.00;17;;;;097b329d-3434-11ed-bc8c-18037346542a;;бирюза;oversize;70% вискоза, 25% полиэстер, 5% эластан;0;0;0;0
3,02603E+11;;;;Топы и футболки;Топ соты;;;https://static.tildacdn.com/stor3061-3339-4631-b537-636637366530/59433065.jpg;;;;;;097b32a8-3434-11ed-bc8c-18037346542a;;сиреневый;;65% хлопок, 27% полиэстер, 8% лайкра;0;0;0;0
4,88202E+11;;RE-T-L-01;;;Топ соты / XS-S- XS-S;;;;3899.00;1;;Размеры:XS-S;;TJmC6jvGrAgZLfCXahLA;3,02603E+11;;;;0;0;0;0
9,69418E+11;;RE-T-L-02;;;Топ соты / M-L- M-L;;;;3899.00;0;;Размеры:M-L;;kfamp05utDzgpZsTXZUf;3,02603E+11;;;;0;0;0;0
9,39919E+11;;;;Топы и футболки;Топ соты;;;https://static.tildacdn.com/stor3963-6636-4236-a565-306635613266/84753021.jpg;;;;;;097b32ac-3434-11ed-bc8c-18037346542a;;розовый;;65% хлопок, 27% полиэстер, 8% лайкра;0;0;0;0
9,55985E+11;;RE-T-P-03;;;Топ соты / XS-S- XS-S;;;;3899.00;1;;Размеры:XS-S;;zfTPvi4s9oVDy6G6YZZy;9,39919E+11;;;;0;0;0;0
3,29163E+11;;RE-T-P-04;;;Топ соты / M-L- M-L;;;;3899.00;2;;Размеры:M-L;;7OPgB5XZRv7vB5lctgx1;9,39919E+11;;;;0;0;0;0
6,52033E+11;;;;Топы и футболки;Топ соты;;;https://static.tildacdn.com/stor3039-6265-4439-b236-626364306337/94255249.jpg;;;;;;96735ac1-34d9-11ed-bc8c-18037346542a;;голубой;;65% хлопок, 27% полиэстер, 8% лайкра;0;0;0;0
2,5251E+11;;RE-T-B-03;;;Топ соты / XS-S- XS-S;;;;3899.00;1;;Размеры:XS-S;;bVOSAE38F54bC0LV9oD0;6,52033E+11;;;;0;0;0;0
3,14475E+11;;RE-T-B-04;;;Топ соты / M-L- M-L;;;;3899.00;1;;Размеры:M-L;;01LfZS8OTVGC3uYzeYdZ;6,52033E+11;;;;0;0;0;0
9,8556E+11;;;;Топы и футболки;Топ;;;https://static.tildacdn.com/stor3335-3037-4563-b439-316666386332/25231325.jpg;;;;;;96735ad1-34d9-11ed-bc8c-18037346542a;;синий;;65% вискоза, 30% нейлон, 5% лайкра;0;0;0;0
3,42237E+11;;RE-T-B-01;;;Топ / XS-S- XS-S;;;;3989.00;1;;Размеры:XS-S;;ZNTm5r3kXOYr0tP5BD5o;9,8556E+11;;;;0;0;0;0
3,01668E+11;;RE-T-B-02;;;Топ / M-L- M-L;;;;3989.00;0;;Размеры:M-L;;bKldNS80IUhNiR4KtHmD;9,8556E+11;;;;0;0;0;0
7,05176E+11;;;;Топы и футболки;Топ;;;https://static.tildacdn.com/stor6166-6362-4966-b966-626538633939/17143574.jpg;;;;;;96735ad6-34d9-11ed-bc8c-18037346542a;;черный;;65% вискоза, 30% нейлон, 5% лайкра;0;0;0;0
3,06399E+11;;RE-T-BL-01;;;Топ / XS-S- XS-S;;;;3989.00;0;;Размеры:XS-S;;rrypip5mG28VO46Br0pz;7,05176E+11;;;;0;0;0;0
4,10003E+11;;RE-T-BL-02;;;Топ / M-L- M-L;;;;3989.00;1;;Размеры:M-L;;RftjajkchUeugri70o45;7,05176E+11;;;;0;0;0;0
1,95366E+11;;;;Леггинсы и велосипедки;Леггинсы соты;;;https://static.tildacdn.com/stor6162-3863-4261-a134-333637633365/91027021.jpg;;;;;;96735ade-34d9-11ed-bc8c-18037346542a;;сиреневый;"XS/S (40-42); M/L (44-46)";65% хлопок, 27% полиэстер,8% лайкра;0;0;0;0
5,46937E+11;;RE-LG-L-01;;;Леггинсы соты / XS-S- XS-S;;;;4999.00;1;;Размеры:XS-S;;uP1gVK7LIfA53pXstrK9;1,95366E+11;;;;0;0;0;0
8,47563E+11;;RE-LG-L-02;;;Леггинсы соты / M-L- M-L;;;;4999.00;0;;Размеры:M-L;;kvLXi4t1HPF6JnY0Uyyi;1,95366E+11;;;;0;0;0;0
3,89242E+11;;;;Леггинсы и велосипедки;Леггинсы соты;;;https://static.tildacdn.com/stor6636-3465-4734-b634-643839633238/76487837.jpg;;;;;;96735ae3-34d9-11ed-bc8c-18037346542a;;розовый;"XS/S (40-42); M/L (44-46)";65% хлопок, 27% полиэстер,8% лайкра;0;0;0;0
4,20534E+11;;RE-LG-P-03;;;Леггинсы соты / XS/S (40-42)- XS/S (40-42);;;;4999.00;0;;Размеры:XS/S (40-42);;ykmCmTA6zTYxd6U78YiN;3,89242E+11;;;;0;0;0;0
5,17988E+11;;RE-LG-P-04;;;Леггинсы соты / M/L (44-46)- M/L (44-46);;;;4999.00;2;;Размеры:M/L (44-46);;zvSFGKOyddPUi0yYHAi8;3,89242E+11;;;;0;0;0;0
9,25697E+11;;;;Леггинсы и велосипедки;Леггинсы соты;;;https://static.tildacdn.com/stor3133-3561-4266-b533-616539666566/76686648.jpg;;;;;;96735af2-34d9-11ed-bc8c-18037346542a;;голубой;"XS/S (40-42); M/L (44-46)";65% хлопок, 27% полиэстер,8% лайкра;0;0;0;0
1,33219E+11;;RE-LG-B-03;;;Леггинсы соты / XS/S (40-42)- XS/S (40-42);;;;4999.00;2;;Размеры:XS/S (40-42);;x9TStVIEfD62nmB8SNEc;9,25697E+11;;;;0;0;0;0
5,37435E+11;;RE-LG-B-04;;;Леггинсы соты / M/L (44-46)- M/L (44-46);;;;4999.00;0;;Размеры:M/L (44-46);;OSMd1N3620CMMmOiVxcn;9,25697E+11;;;;0;0;0;0
6,8936E+11;;;;Леггинсы и велосипедки;Леггинсы;;;https://static.tildacdn.com/stor6532-3064-4530-a539-363332333639/37828205.jpg;;;;;;5282f5d5-34e1-11ed-bc8c-18037346542a;;синий;;65% вискоза, 30% нейлон, 5% лайкра;0;0;0;0
1,36276E+11;;RE-LG-B-01;;;Леггинсы / XS-S- XS-S;;;;5899.00;0;;Размеры:XS-S;;JcNy1UgrH8fvi3HPOhpP;6,8936E+11;;;;0;0;0;0
5,29933E+11;;RE-LG-B-02;;;Леггинсы / M-L- M-L;;;;5899.00;3;;Размеры:M-L;;SYI3cP4ymflBgu1yBma5;6,8936E+11;;;;0;0;0;0
9,93194E+11;;;;Леггинсы и велосипедки;Леггинсы;;;https://static.tildacdn.com/stor3730-3836-4133-b562-333665643531/75138022.jpg;;;;;;5282f5d9-34e1-11ed-bc8c-18037346542a;;черный;;65% вискоза, 30% нейлон, 5% лайкра;0;0;0;0
8,9159E+11;;RE-LG-BL-01;;;Леггинсы / XS-S- XS-S;;;;5899.00;0;;Размеры:XS-S;;Y34vB2enGIjDHym5hy51;9,93194E+11;;;;0;0;0;0
8,39343E+11;;RE-LG-BL-02;;;Леггинсы / M-L- M-L;;;;5899.00;1;;Размеры:M-L;;AXDc9EZadFSCmnbYNCf2;9,93194E+11;;;;0;0;0;0
4,8E+11;;;;Комбинезоны;Комбинезон Fix Shape;Комбинезон;;https://static.tildacdn.com/stor6564-6166-4838-b064-346362626134/16750435.jpg;;;;;;5282f5f3-34e1-11ed-bc8c-18037346542a;;марсала;XS/S (40-42);22% эластан, 78% полиэстер;0;0;0;0
2,54268E+11;;RE-OV-M-01;;;Комбинезон Fix Shape / XS-S- XS-S;;;;13190.00;7;;Размеры:XS-S;;3zKbulNLbxzoLm6A2sxp;4,8E+11;;;;0;0;0;0
8,33452E+11;;RE-OV-M-02;;;Комбинезон Fix Shape / M-L- M-L;;;;13190.00;10;;Размеры:M-L;;xkVkREF00hfVA35TpY9A;4,8E+11;;;;0;0;0;0
3,31095E+11;;;;Комбинезоны;Комбинезон Fix Shape;Комбинезон;;https://static.tildacdn.com/stor3231-6436-4666-b834-393864643465/85151599.jpg;;;;;;5282f5f8-34e1-11ed-bc8c-18037346542a;;телесный;XS/S (40-42);22% эластан, 78% полиэстер;0;0;0;0
5,53536E+11;;RE-OV-BO-01;;;Комбинезон Fix Shape / XS-S- XS-S;;;;13190.00;6;;Размеры:XS-S;;djYVANFzLfs42jKPiua2;3,31095E+11;;;;0;0;0;0
8,0655E+11;;RE-OV-BO-02;;;Комбинезон Fix Shape / M-L- M-L;;;;13190.00;7;;Размеры:M-L;;u87OdU5yXgSCxmkxRxdd;3,31095E+11;;;;0;0;0;0
1,73815E+11;;;;Комбинезоны;Комбинезон Fix Shape;;;https://static.tildacdn.com/stor3836-3139-4930-b261-303730383961/61144028.jpg;;;;;;5282f5fe-34e1-11ed-bc8c-18037346542a;;черный;XS/S (40-42);22% эластан, 78% полиэстер;0;0;0;0
2,18878E+11;;RE-OV-BL-05;;;Комбинезон Fix Shape / XS-S- XS-S;;;;13190.00;3;;Размеры:XS-S;;nJUfTOHnNbDvClIfADZi;1,73815E+11;;;;0;0;0;0
8,50189E+11;;RE-OV-BL-06;;;Комбинезон Fix Shape / M-L- M-L;;;;13190.00;5;;Размеры:M-L;;gzRMhK9kJzJrZoxX5kzb;1,73815E+11;;;;0;0;0;0
9,8533E+11;;RE-OV-BL-07;;;Комбинезон Fix Shape / M-L- M-L;;;;13190.00;53;;Размеры:M-L;;Tom4vbBfyPGzAoFTfof4;1,73815E+11;;;;0;0;0;0
4,66888E+11;;RE-OV-BL-08;;;Комбинезон Fix Shape / M-L- M-L;;;;13190.00;54;;Размеры:M-L;;9H2eHxtszgv4mFAzCVFi;1,73815E+11;;;;0;0;0;0
7,39375E+11;;;;Комбинезоны;Комбинезон c длинными рукавами;;;https://static.tildacdn.com/stor3864-6433-4964-b634-396332643664/13254011.jpg;;;;;;5282f604-34e1-11ed-bc8c-18037346542a;;голубой;XS/S (40-42);22% эластан, 78% полиэстер;0;0;0;0
2,38901E+11;;RE-OV-B-01;;;Комбинезон c длинными рукавами / XS-S- XS-S;;;;14990.00;1;;Размеры:XS-S;;s12eYogO5ZbuJU1T45z6;7,39375E+11;;;;0;0;0;0
9,90394E+11;;RE-OV-B-02;;;Комбинезон c длинными рукавами / M-L- M-L;;;;14990.00;0;;Размеры:M-L;;e4O1vDIzG43OF6Yrd6Su;7,39375E+11;;;;0;0;0;0
9,32969E+11;;;;Комбинезоны;Комбинезон c длинными рукавами;;;https://static.tildacdn.com/stor3135-3465-4635-a639-376132336235/61185878.jpg;;;;;;5282f609-34e1-11ed-bc8c-18037346542a;;темно-синий;XS/S (40-42);22% эластан, 78% полиэстер;0;0;0;0
6,5203E+11;;RE-OV-DBL-01;;;Комбинезон c длинными рукавами / XS-S- XS-S;;;;14990.00;0;;Размеры:XS-S;;1rcAVP9LO9YxJ3Pne3t7;9,32969E+11;;;;0;0;0;0
6,82535E+11;;RE-OV-DBL-02;;;Комбинезон c длинными рукавами / M-L- M-L;;;;14990.00;1;;Размеры:M-L;;uN9vdhji76EByjIbr8kV;9,32969E+11;;;;0;0;0;0
6,12757E+11;;;;Худи и толстовки;Бомбер;;;https://static.tildacdn.com/stor3537-3333-4565-a161-323832363834/67922983.jpg;;;;;;b6d2563a-34e5-11ed-bc8c-18037346542a;;сиреневый;onesize;100% полиэстер;0;0;0;0
1,95856E+11;;RE-BO-L-01;;;Бомбер / onesize- onesize;;;;11399.00;;;Размеры:onesize;;H8fxIXLJjUMKaECPuI9G;6,12757E+11;;;;0;0;0;0
2,21807E+11;;;;Худи и толстовки;Бомбер;;;https://static.tildacdn.com/stor6237-6231-4231-a437-313764623239/38877402.jpg;;;;;;b6d25644-34e5-11ed-bc8c-18037346542a;;мятный;onesize;100% полиэстер;0;0;0;0
2,78969E+11;;RE-BO-M-05;;;Бомбер / onesize- onesize;;;;11399.00;9;;Размеры:onesize;;Ff92ep7SNiHfOHGdJhbN;2,21807E+11;;;;0;0;0;0
2,96442E+11;;;;Комбинезоны;Комбинезон everrever;Комбинезон everrever;;https://static.tildacdn.com/stor6431-3863-4563-b535-306534623262/29699214.jpg;;;;;;b6d25648-34e5-11ed-bc8c-18037346542a;;мультиколор;XS/S (40-42);70%полиэстер , 30% эластан;0;0;0;0
4,39721E+11;;RE-OV-MCE-07;;;Комбинезон everrever / XS-S- XS-S;;;;12490.00;2;;Размеры:XS-S;;ChgYVhLSJMYncVv6Nrgr;2,96442E+11;;;;0;0;0;0
5,07966E+11;;RE-OV-MCE-08;;;Комбинезон everrever / M-L- M-L;;;;12490.00;5;;Размеры:M-L;;8rIVPtUKpbJfKDukUV3j;2,96442E+11;;;;0;0;0;0
3,97066E+11;;;;"Бестселлеры;Комбинезоны";Комбинезон;;;https://static.tildacdn.com/stor3537-3761-4638-b564-353164333838/60790148.jpg;;;;;;b6d2564d-34e5-11ed-bc8c-18037346542a;;хаки;;22% эластан, 78% полиэстер;0;0;0;0
2,96869E+11;;RE-OV-HA-01;;;Комбинезон / XS-S- XS-S;;;;13190.00;0;;Размеры:XS-S;;LtPAmcszFrpFd9t3Mjb2;3,97066E+11;;;;0;0;0;0
1,58843E+11;;RE-OV-HA-02;;;Комбинезон / M-L- M-L;;;;13190.00;6;;Размеры:M-L;;9efKtFUBnmnLPdKuRLKx;3,97066E+11;;;;0;0;0;0
2,14866E+11;;;;"Бестселлеры;Комбинезоны";Комбинезон Hide the side;;;https://static.tildacdn.com/stor3737-6238-4538-a364-383333336462/88401534.jpg;;;;;;31b12ca7-34eb-11ed-bc8c-18037346542a;;синий;;82% нейлон, 18% спандекс;0;0;0;0
3,58898E+11;;RE-OV-B-03;;;Комбинезон Hide the side / XS- XS;;;;11790.00;10;;Размеры:XS;;PPrenc7M6DlI8rHMb8xD;2,14866E+11;;;;0;0;0;0
3,83207E+11;;RE-OV-B-04;;;Комбинезон Hide the side / S- S;;;;11790.00;10;;Размеры:S;;U1TUB8phfskthEb0brD2;2,14866E+11;;;;0;0;0;0
8,93527E+11;;RE-OV-B-05;;;Комбинезон Hide the side / M- M;;;;11790.00;8;;Размеры:M;;rPNauNiTytion4osa2cd;2,14866E+11;;;;0;0;0;0
2,99531E+11;;RE-OV-B-06;;;Комбинезон Hide the side / L- L;;;;11790.00;0;;Размеры:L;;NzxllKN5UiRyojxdphhY;2,14866E+11;;;;0;0;0;0
7,53238E+11;;;;Комбинезоны;Комбинезон Hide the side;Комбинезон;;https://static.tildacdn.com/stor3932-6534-4963-a361-326262383433/61269738.jpg;;;;;;31b12cb0-34eb-11ed-bc8c-18037346542a;;розовый;XS (40);82% нейлон, 18% спандекс;0;0;0;0
8,19263E+11;;RE-OV-P-01;;;Комбинезон Hide the side / XS- XS;;;;11790.00;3;;Размеры:XS;;FHd2d2Z7Yg7kcPFv5zxG;7,53238E+11;;;;0;0;0;0
5,16648E+11;;RE-OV-P-02;;;Комбинезон Hide the side / S- S;;;;11790.00;5;;Размеры:S;;MNUBvIpSSX82HOrEJ1mp;7,53238E+11;;;;0;0;0;0
8,95535E+11;;RE-OV-P-03;;;Комбинезон Hide the side / M- M;;;;11790.00;5;;Размеры:M;;8kCvCXlrKEaBRIN2Oy4e;7,53238E+11;;;;0;0;0;0
8,16044E+11;;RE-OV-P-04;;;Комбинезон Hide the side / L- L;;;;11790.00;0;;Размеры:L;;6liyx731bs636zllgG8k;7,53238E+11;;;;0;0;0;0
2,60429E+11;;;;Комбинезоны;Комбинезон Hide the side;;;https://static.tildacdn.com/stor3732-6265-4864-a664-373835313561/95551013.jpg;;;;;;31b12cb9-34eb-11ed-bc8c-18037346542a;;бирюза;XS (40);82% нейлон, 18% спандекс;0;0;0;0
2,82699E+11;;RE-OV-TU-01;;;Комбинезон Hide the side / XS- XS;;;;11790.00;5;;Размеры:XS;;0tfolRUN68mciCHUVbzt;2,60429E+11;;;;0;0;0;0
8,82661E+11;;RE-OV-TU-02;;;Комбинезон Hide the side / S- S;;;;11790.00;7;;Размеры:S;;Mikt1JuE4Cy7RfKAE5GP;2,60429E+11;;;;0;0;0;0
5,36585E+11;;RE-OV-TU-03;;;Комбинезон Hide the side / M- M;;;;11790.00;5;;Размеры:M;;EffBZS2uMoG5OtLLtlBi;2,60429E+11;;;;0;0;0;0
1,10911E+11;;RE-OV-TU-04;;;Комбинезон Hide the side / L- L;;;;11790.00;0;;Размеры:L;;HX4kSTABCRo8hoBMCMHt;2,60429E+11;;;;0;0;0;0
3,46328E+11;;;;Комбинезоны;Комбинезон Hide the side;;;https://static.tildacdn.com/stor3733-3031-4930-b463-363661333938/28027215.jpg;;;;;;31b12cc2-34eb-11ed-bc8c-18037346542a;;голубой;"XS(40); S (42); M (44)";82% нейлон, 18% спандекс;0;0;0;0
4,5389E+11;;RE-OV-BLU-03;;;Комбинезон Hide the side / XS(40)- XS(40);;;;11790.00;7;;Размеры:XS(40);;9k84pRSDJfGrxxIJNNOm;3,46328E+11;;;;0;0;0;0
3,19412E+11;;RE-OV-BLU-04;;;Комбинезон Hide the side / S(42)- S(42);;;;11790.00;16;;Размеры:S(42);;Ff5F8zGz3LfOuvPgovig;3,46328E+11;;;;0;0;0;0
7,11751E+11;;RE-OV-BLU-05;;;Комбинезон Hide the side / М (44)- М (44);;;;11790.00;12;;Размеры:М (44);;5TmA8jyBSR48Ub1GlB2p;3,46328E+11;;;;0;0;0;0
8,51911E+11;;RE-OV-BLU-06;;;Комбинезон Hide the side- ;;;;11790.00;1;;Размеры:;;JmtXElGZCJmHUGljeu13;3,46328E+11;;;;0;0;0;0
8,1702E+11;;;;"Бестселлеры;Комбинезоны";Комбинезон Hide the side;;;https://static.tildacdn.com/stor6239-3466-4139-a436-616338663263/78677883.jpg;;;;;;31b12ccb-34eb-11ed-bc8c-18037346542a;;черный;;82% нейлон, 18% спандекс;0;0;0;0
4,22669E+11;;RE-OV-BL-01;;;Комбинезон Hide the side / XS- XS;;;;11790.00;1;;Размеры:XS;;LX3BjMi8A4aJmPHIesm7;8,1702E+11;;;;0;0;0;0
4,81251E+11;;RE-OV-BL-02;;;Комбинезон Hide the side / S- S;;;;11790.00;2;;Размеры:S;;Bhii0FCk8VozxucTdg5X;8,1702E+11;;;;0;0;0;0
3,33906E+11;;RE-OV-BL-03;;;Комбинезон Hide the side / M- M;;;;11790.00;3;;Размеры:M;;4tnZ8GbjyaONmae6IdFv;8,1702E+11;;;;0;0;0;0
4,51007E+11;;RE-OV-BL-04;;;Комбинезон Hide the side / L- L;;;;11790.00;0;;Размеры:L;;PbbRes0y7PaABaEDrRYp;8,1702E+11;;;;0;0;0;0
6,01419E+11;;RE-JC-BM-01;;Костюмы;Куртка плащевка;;;https://static.tildacdn.com/stor6663-6636-4435-b738-393837653066/45075330.jpg;17890.00;10;;;;41834f88-34f0-11ed-bc8c-18037346542a;;голубой-мультиколор;onesize;100% полиэстер;0;0;0;0
6,49551E+11;;RE-JC-HM-01;;Костюмы;Куртка плащевка;;;https://static.tildacdn.com/stor6661-3532-4564-b438-633130643838/58800519.jpg;17890.00;1;;;;41834f8b-34f0-11ed-bc8c-18037346542a;;хаки-мультиколор;onesize;100% полиэстер;0;0;0;0
1,88839E+11;;;;Костюмы;Куртка плащевка;;;https://static.tildacdn.com/stor3339-6635-4662-a161-383037326233/36392797.jpg;;;;;;41834f90-34f0-11ed-bc8c-18037346542a;;голубой-мультиколор;onesize;100% полиэстер;0;0;0;0
8,79357E+11;;RE-JC-BMP-01;;;Куртка плащевка / onesize- onesize;;;;17890.00;;;Размеры:onesize;;I3dtFoyP9LMYmIaBt55z;1,88839E+11;;;;0;0;0;0
8,63906E+11;;;;Брюки и шорты;Шорты Glam Sport;Шорты;;https://static.tildacdn.com/stor3538-6138-4465-b034-663765353231/35283169.jpg;;;;;;50e2159b-34f5-11ed-bc8c-18037346542a;;хакки;"XS/S (40-42); M/L (44-46)";100% полиэстер;0;0;0;0
7,83535E+11;;RE-SH-HM-01;;;Шорты Glam Sport / XS/S (40-42)- XS/S (40-42);;;;7900.00;2;;Размеры:XS/S (40-42);;j8vSUfRDx7GESAmJshcF;8,63906E+11;;;;0;0;0;0
7,92445E+11;;RE-SH-HM-02;;;Шорты Glam Sport / M/L (44-46)- M/L (44-46);;;;7900.00;1;;Размеры:M/L (44-46);;ABfvhXi8loxUYGoD26ti;8,63906E+11;;;;0;0;0;0
1,44057E+11;;;;Брюки и шорты;Шорты Glam Sport;Шорты;;https://static.tildacdn.com/stor6230-6562-4430-a536-323631613638/96817898.jpg;;;;;;fa65c707-34f7-11ed-bc8c-18037346542a;;голубой-мультиколор;"XS/S (40-42); M/L (44-46)";100% полиэстер;0;0;0;0
5,71319E+11;;RE-SH-MP-01;;;Шорты Glam Sport / XS/S (40-42)- XS/S (40-42);;;;7900.00;1;;Размеры:XS/S (40-42);;adnzLIL5iIF6TG2uJSxx;1,44057E+11;;;;0;0;0;0
7,07076E+11;;RE-SH-BMP-02;;;Шорты Glam Sport / M/L (44-46)- M/L (44-46);;;;7900.00;0;;Размеры:M/L (44-46);;sSR16HE3nJMuv1bSJ2oS;1,44057E+11;;;;0;0;0;0
5,73224E+11;;;;Брюки и шорты;Шорты Glam Sport;Шорты;;https://static.tildacdn.com/stor6535-3632-4163-b330-333439656466/31323174.jpg;;;;;;fa65c70c-34f7-11ed-bc8c-18037346542a;;желтый;"XS/S (40-42); M/L (44-46)";100% полиэстер;0;0;0;0
3,14884E+11;;RE-SH-Y-01;;;Шорты Glam Sport / XS/S (40-42)- XS/S (40-42);;;;7900.00;5;;Размеры:XS/S (40-42);;hsLs7ILvifmM9Xvm5taF;5,73224E+11;;;;0;0;0;0
8,84942E+11;;RE-SH-Y-02;;;Шорты Glam Sport / M/L (44-46)- M/L (44-46);;;;7900.00;5;;Размеры:M/L (44-46);;tBcMkRM5U9cK79iz82Eg;5,73224E+11;;;;0;0;0;0
7,27432E+11;;;;Брюки и шорты;Шорты Glam Sport;Шорты;;https://static.tildacdn.com/stor3861-3937-4639-a638-343665366631/24164092.jpg;;;;;;fa65c71a-34f7-11ed-bc8c-18037346542a;;голубой-мультиколор;"XS/S (40-42); M/L (44-46)";100% полиэстер;0;0;0;0
2,55642E+11;;RE-SH-BM-01;;;Шорты Glam Sport / XS/S (40-42)- XS/S (40-42);;;;6900.00;3;;Размеры:XS/S (40-42);;0H0LZEYr5E6gAVm5BD6F;7,27432E+11;;;;0;0;0;0
9,8839E+11;;RE-SH-BM-02;;;Шорты Glam Sport / M/L (44-46)- M/L (44-46);;;;6900.00;0;;Размеры:M/L (44-46);;8vs26ydeBel6oTkNH5yt;7,27432E+11;;;;0;0;0;0
6,40878E+11;;;;Топы и футболки;Топ бра;;;https://static.tildacdn.com/stor3939-3838-4138-a264-633030313866/53416819.jpg;;;;;;af58e856-3e3d-11ed-bc8e-18037346542a;;черный;;78% полиэстер, 22% эластан;0;0;0;0
5,00418E+11;;RE-T-BL-03;;;Топ бра / XS-S- XS-S;;;;3999.00;2;;Размеры:XS-S;;ob9IIH8pY1eXFLyUhlLG;6,40878E+11;;;;0;0;0;0
1,33686E+11;;RE-T-BL-04;;;Топ бра / M-L- M-L;;;;3999.00;6;;Размеры:M-L;;gr6J2pzDod2z6XzVr1ph;6,40878E+11;;;;0;0;0;0
2,33399E+11;;;;Леггинсы и велосипедки;Леггинсы спортивные;;;https://static.tildacdn.com/stor6134-3861-4865-b335-643062303262/89415113.jpg;;;;;;af58e860-3e3d-11ed-bc8e-18037346542a;;черный;"XS(40); S (42); M (44)";78% полиэстер, 22% эластан;0;0;0;0
9,69652E+11;;RE-LG-BL-03;;;Леггинсы спортивные / XS- XS;;;;5699.00;0;;Размеры:XS;;8Iu5OjMyYFxpPpyTVOIh;2,33399E+11;;;;0;0;0;0
8,03367E+11;;RE-LG-BL-04;;;Леггинсы спортивные / S- S;;;;5699.00;0;;Размеры:S;;3v93yV1d0Oz3limg9bP2;2,33399E+11;;;;0;0;0;0
9,75232E+11;;RE-LG-BL-05;;;Леггинсы спортивные / M- M;;;;5699.00;1;;Размеры:M;;R3vDcXjaYgvPafKmpgEr;2,33399E+11;;;;0;0;0;0
5,37677E+11;;RE-TR-RED-02;;Брюки и шорты;Брюки wellness;;;https://static.tildacdn.com/stor6261-3631-4163-b730-373962376634/49986141.jpg;7299.00;1;;;;378f4242-43bc-11ed-bc8f-18037346542a;;красный;M/L (44-46);70% хлопок, 30% полиэстер;0;0;0;0
4,71732E+11;;RE-HOO-PIN-01;;Худи и толстовки;Худи эпоха;;;https://static.tildacdn.com/stor6435-6538-4163-b337-316333666634/26807604.jpg;9699.00;5;;;;378f424a-43bc-11ed-bc8f-18037346542a;;розовый;oversize;95% полиэстер, 5 % лайкра;0;0;0;0
4,91968E+11;;RE-HOO-GRE-01;;Худи и толстовки;Худи эпоха;;;https://static.tildacdn.com/stor3361-3462-4239-a466-353637316434/53048308.jpg;9699.00;3;;;;378f424f-43bc-11ed-bc8f-18037346542a;;серый;oversize;95% полиэстер, 5 % лайкра;0;0;0;0
7,55071E+11;;RE-HOO-BLU-01;;Худи и толстовки;Худи Wellnes;;;https://static.tildacdn.com/stor6335-3865-4036-a536-303062343834/48857208.jpg;9699.00;4;;;;378f4257-43bc-11ed-bc8f-18037346542a;;голубой;oversize;70% хлопок, 30% полиэстер;0;0;0;0
8,60477E+11;;;;Брюки и шорты;Брюки эпоха;;;https://static.tildacdn.com/stor3639-3564-4533-b237-646564646139/62111677.jpg;;;;;;378f425e-43bc-11ed-bc8f-18037346542a;;розовый;M/L (44-46);95% полиэстер, 5% лайкра;0;0;0;0
8,57395E+11;;RE-TR-PIN-02;;;Брюки эпоха / M-L- M-L;;;;7299.00;3;;Размеры:M-L;;oi4OCxRClY6Orvh8joYB;8,60477E+11;;;;0;0;0;0
7,02642E+11;;RE-TR-PIN-04;;;Брюки эпоха / M-L (tall)- M-L (tall);;;;7299.00;2;;Размеры:M-L (tall);;em5sNmS5ZILXkXxtaSSU;8,60477E+11;;;;0;0;0;0
3,33623E+11;;;;Худи и толстовки;"Свитшот ""Show me money""";;;https://static.tildacdn.com/stor3261-6265-4063-b731-633563633333/83198250.jpg;;;;;;378f4268-43bc-11ed-bc8f-18037346542a;;черный;oversize;70% хлопок, 30% полиэстер;0;0;0;0
8,62305E+11;;RE-SW-BL-01;;;"Свитшот ""Show me money"" / oversize- oversize";;;;9959.00;9;;Размеры:oversize;;fZuo8r9Hdec8ljYUcPNM;3,33623E+11;;;;0;0;0;0
3,98593E+11;;;;Брюки и шорты;Брюки из футера;;;https://static.tildacdn.com/stor6335-3865-4036-a536-303062343834/48857208.jpg;;;;;;3fd20f04-43db-11ed-bc8f-18037346542a;;голубой;;70% хлопок, 30% полиэстер;0;0;0;0
1,33432E+11;;RE-TR-BLU-01;;;Брюки из футера / XS- XS;;;;7299.00;1;;Размеры:XS;;dbIPDMcREdp0VECfbEe3;3,98593E+11;;;;0;0;0;0
6,4521E+11;;RE-TR-BLU-02;;;Брюки из футера / M-L- M-L;;;;7299.00;1;;Размеры:M-L;;Cu4cS8Us0XPht74bi6tT;3,98593E+11;;;;0;0;0;0
6,61041E+11;;;;Худи и толстовки;Свитшот комбинированный;Свитшот;;https://static.tildacdn.com/stor6336-3462-4132-a562-353332343162/56455012.jpg;;;;;;967bc530-4622-11ed-bc8f-18037346542a;;коричнево-голубой;;30%полиэстер, 70% хлопок, 100% полиэстер;0;0;0;0
9,46486E+11;;RE-SW-BRB-01;;;Свитшот комбинированный / XS (40)- XS (40);;;;10599.00;0;;Размеры:XS (40);;P2dJecEplSpMheKmJA8e;6,61041E+11;;;;0;0;0;0
6,18707E+11;;RE-SW-BRB-02;;;Свитшот комбинированный / S (42)- S (42);;;;10599.00;1;;Размеры:S (42);;9baoTcZUZtRyefNX8f9y;6,61041E+11;;;;0;0;0;0
2,22327E+11;;RE-SW-BRB-03;;;Свитшот комбинированный / М (44)- М (44);;;;10599.00;0;;Размеры:М (44);;Nyes5jvK8Mcxjres0C9a;6,61041E+11;;;;0;0;0;0
6,50204E+11;;;;Брюки и шорты;Брюки комбинированные;Брюки;;https://static.tildacdn.com/stor3336-6562-4266-b232-303063396464/58998500.jpg;;;;;;967bc535-4622-11ed-bc8f-18037346542a;;коричнево-голубой;;30% полиэстер,70% хлопок, 100% полиэстер;0;0;0;0
1,00068E+11;;RE-TR-BRB-01;;;Брюки комбинированные / XS (40)- XS (40);;;;7599.00;0;;Размеры:XS (40);;ZEu6ZERAmNUzuOy3Vm5Z;6,50204E+11;;;;0;0;0;0
5,23724E+11;;RE-TR-BRB-02;;;Брюки комбинированные / S (42)- S (42);;;;7599.00;1;;Размеры:S (42);;2f2Ct1ylLCvKningxBNA;6,50204E+11;;;;0;0;0;0
4,06046E+11;;RE-TR-BRB-03;;;Брюки комбинированные / М (44)- М (44);;;;7599.00;1;;Размеры:М (44);;1EVzxUoJCyjpAeOdhSAN;6,50204E+11;;;;0;0;0;0
5,51841E+11;;;;Леггинсы и велосипедки;Велосипедки everrever;;;https://static.tildacdn.com/stor6563-6334-4264-b030-333764633432/19346670.jpg;;;;;;cb9f1b67-4878-11ed-bc90-18037346542a;;;;95% бамбук, 5% лайкра;0;0;0;0
8,42141E+11;;RE-CYC-BRB-01;;;Велосипедки everrever / XS- XS;;;;4299.00;8;;Размеры:XS;;Yr0PZX6r5c9szeFNr8PX;5,51841E+11;;;;0;0;0;0
3,1664E+11;;RE-CYC-BRB-02;;;Велосипедки everrever / S- S;;;;4299.00;8;;Размеры:S;;3nAYIFI3aUp1S1ibHYpY;5,51841E+11;;;;0;0;0;0
5,92098E+11;;RE-CYC-BRB-02;;;Велосипедки everrever / M- M;;;;4299.00;6;;Размеры:M;;NUVyS1KrYAtshrgX5BPV;5,51841E+11;;;;0;0;0;0
6,21453E+11;;;;Леггинсы и велосипедки;Леггинсы everrever;;;https://static.tildacdn.com/stor3138-3862-4532-a565-616636383063/60550674.jpg;;;;;;09f8eff3-4e12-11ed-bc90-18037346542a;;черно-розовый;;70% вискоза, 25% полиэстер, 5% эластан;0;0;0;0
1,60686E+11;;RE-LG-BLPN-01;;;Леггинсы everrever / XS- XS;;;;5299.00;0;;Размеры:XS;;CSDhBxxO0eI1IJGu3SzZ;6,21453E+11;;;;0;0;0;0
8,10824E+11;;RE-LG-BLPN-02;;;Леггинсы everrever / S- S;;;;5299.00;1;;Размеры:S;;R7EdF4H8JjMJCgFRP28n;6,21453E+11;;;;0;0;0;0
2,62391E+11;;RE-LG-BLPN-03;;;Леггинсы everrever / M- M;;;;5299.00;1;;Размеры:M;;kYmhixgaM9eL8xajv6uP;6,21453E+11;;;;0;0;0;0
6,84182E+11;;RE-CRS-BOR-01;;Худи и толстовки;Укороченный свитшот;Свитшот;;https://static.tildacdn.com/stor3066-6664-4863-a536-326636363232/71417377.jpg;7190.00;4;;;;f1906269-4f8a-11ed-bc90-18037346542a;;бордовый;oversize;70% хлопок, 30% полиэстер;0;0;0;0
5,46627E+11;;;;Худи и толстовки;Свитшот комбинированный;;;https://static.tildacdn.com/stor6538-3661-4633-b731-623362373135/43759111.jpg;;;;;;08ba0a4f-5b6e-11ed-bc90-18037346542a;;бордово-голубой;;30%полиэстер, 70% хлопок, 100% полиэстер;0;0;0;0
2,47133E+11;;RE-SW-BOB-01;;;Свитшот комбинированный / XS (40)- XS (40);;;;10599.00;0;;Размеры:XS (40);;JNZ2A3cz97G0H3yXFkMv;5,46627E+11;;;;0;0;0;0
5,05827E+11;;RE-SW-BOB-02;;;Свитшот комбинированный / S (42)- S (42);;;;10599.00;0;;Размеры:S (42);;Cz89dZamBZ1dibdzEF0N;5,46627E+11;;;;0;0;0;0
9,25449E+11;;RE-SW-BOB-03;;;Свитшот комбинированный / М (44)- М (44);;;;10599.00;2;;Размеры:М (44);;XOEt74Y1sxtmUs0kmcM7;5,46627E+11;;;;0;0;0;0
5,94485E+11;;;;Брюки и шорты;Брюки комбинированные;;;https://static.tildacdn.com/stor6563-6530-4338-b136-343439626263/29254516.jpg;;;;;;08ba0a53-5b6e-11ed-bc90-18037346542a;;бордово-голубой;;30% полиэстер,70% хлопок, 100% полиэстер;0;0;0;0
4,947E+11;;RE-TR-BOB-01;;;Брюки комбинированные / XS (40)- XS (40);;;;7599.00;0;;Размеры:XS (40);;SELP6ke7r9GRFdcCisk2;5,94485E+11;;;;0;0;0;0
3,45094E+11;;RE-TR-BOB-02;;;Брюки комбинированные / S (42)- S (42);;;;7599.00;1;;Размеры:S (42);;nH9oLV30IxRLOZsBPryo;5,94485E+11;;;;0;0;0;0
4,12968E+11;;RE-TR-BOB-03;;;Брюки комбинированные / М (44)- М (44);;;;7599.00;2;;Размеры:М (44);;1VE3rKS3Y1oo5Cbe2vve;5,94485E+11;;;;0;0;0;0
4,52825E+11;;;;"Бестселлеры;Комбинезоны";Комбинезон Fix Shape;;;https://static.tildacdn.com/stor3230-3563-4266-b431-303739333662/44626897.jpg;;;;;;242b2352-6682-11ed-bc91-18037346542a;;красный;;22% эластан, 78% полиэстер;0;0;0;0
9,64699E+11;;RE-OV-RED-01;;;Комбинезон Fix Shape / XS/S (40-42)- XS/S (40-42);;;;13190.00;39;;Размеры:XS/S (40-42);;xmk2lBNKuYrmxHov7Pk8;4,52825E+11;;;;0;0;0;0
3,17986E+11;;RE-OV-RED-02;;;Комбинезон Fix Shape / M/L (44-46)- M/L (44-46);;;;13190.00;38;;Размеры:M/L (44-46);;iR7DzxAcxACyY2hV2827;4,52825E+11;;;;0;0;0;0
4,75598E+11;;;;Комбинезоны;Комбинезон Fix Shape;Комбинезон;;https://static.tildacdn.com/stor3863-6133-4163-a239-316534396564/40130192.png;;;;;;242b235b-6682-11ed-bc91-18037346542a;;черный;"XS/S (40-42); M/L (44-46)";22% эластан, 78% полиэстер;0;0;0;0
2,3876E+11;;RE-OV-BL-07;;;Комбинезон Fix Shape / XS/S (40-42)- XS/S (40-42);;;;13190.00;52;;Размеры:XS/S (40-42);;rKhmkoLAzT2fUfouuYJy;4,75598E+11;;;;0;0;0;0
6,95397E+11;;RE-OV-BL-08;;;Комбинезон Fix Shape / M/L (44-46)- M/L (44-46);;;;13190.00;53;;Размеры:M/L (44-46);;Of5ENhVX3xU2voUsxChd;4,75598E+11;;;;0;0;0;0
8,60732E+11;;RE-TSS-PIN-01;;Топы и футболки;Футболка на завязках;;;https://static.tildacdn.com/stor3165-3633-4166-a639-393331336233/82558468.png;4599.00;2;;;;0a23d407-7164-11ed-bc91-18037346542a;;розовый;XS/S (40-42);95% хлопок, 5% эластан;0;0;0;0
9,35799E+11;;;;"Топы и футболки;SOFT TOUCH";Футболка на завязках;;;https://static.tildacdn.com/stor6238-6565-4239-a431-343438326234/72835757.jpg;;;;;;0a23d40d-7164-11ed-bc91-18037346542a;;черный;XS/S (40-42);95% полиэстер , 5% спандекс;0;0;0;0
2,29709E+11;;RE-TSS-BL-01;;;Футболка на завязках / XS-S- XS-S;;;;4990.00;7;;Размеры:XS-S;;ktEUb6puaXRXridUDX9k;9,35799E+11;;;;0;0;0;0
6,77552E+11;;RE-TSS-BL-02;;;Футболка на завязках / M-L- M-L;;;;4990.00;7;;Размеры:M-L;;09Fvnox8LlJ71uJ87gNf;9,35799E+11;;;;0;0;0;0
8,04301E+11;;;;Брюки и шорты;Шорты Glam Sport;Шорты;;https://static.tildacdn.com/stor3339-6636-4566-a633-363632653632/18140193.jpg;;;;;;0a23d423-7164-11ed-bc91-18037346542a;;желтый-перламутр;"XS/S (40-42); M/L (44-46)";100% полиэфир;0;0;0;0
2,82377E+11;;RE-SH-YE-01;;;Шорты Glam Sport / XS/S (40-42)- XS/S (40-42);;;;6900.00;2;;Размеры:XS/S (40-42);;rEhU8fNg29KKVVi4FrKL;8,04301E+11;;;;0;0;0;0
4,73868E+11;;RE-SH-YE-02;;;Шорты Glam Sport / M/L (44-46)- M/L (44-46);;;;6900.00;1;;Размеры:M/L (44-46);;F9IYgCZmO89Y057mtD9L;8,04301E+11;;;;0;0;0;0
6,24938E+11;;RE-TS-GRA-02;;Топы и футболки;Футболка Shaping;Футболка Shaping;;https://static.tildacdn.com/stor6639-6537-4335-b237-343833393930/80496676.png;6000.00;1;;;;21338e7a-9646-11ed-bc92-18037346542a;;графит;oversize;95% хлопок, 5% эластан;0;0;0;0
3,31367E+11;;;;Костюмы;Костюм трикотажный;;;https://static.tildacdn.com/stor6562-6464-4338-a139-373062633837/33345379.jpg;;;;;;21338e7f-9646-11ed-bc92-18037346542a;;голубой;XS/S (40-42);50% вискоза, 25% полиамид, 20% полиэстер,5% эластан;0;0;0;0
9,30821E+11;;RE-SU-BLU-01;;;Костюм трикотажный / XS-S- XS-S;;;;17190.00;2;;Размеры:XS-S;;uRgt7gZK3ZoUdMg2lgs3;3,31367E+11;;;;0;0;0;0
6,77643E+11;;RE-SU-BLU-02;;;Костюм трикотажный / M-L- M-L;;;;17190.00;0;;Размеры:M-L;;lATBUXnnm9XIfKJu9uIR;3,31367E+11;;;;0;0;0;0
9,22504E+11;;;;Комбинезоны;Комбинезон Hide the side;;;https://static.tildacdn.com/stor3262-6436-4530-b137-346335363539/87574483.jpg;;;;;;21338e83-9646-11ed-bc92-18037346542a;;коричневый;XS (40);82% нейлон, 18% спандекс;0;0;0;0
5,19697E+11;;RE-OV-BRW-01;;;Комбинезон Hide the side / XS- XS;;;;11790.00;9;;Размеры:XS;;IMzoFCa5t4GkfzK3I7I3;9,22504E+11;;;;0;0;0;0
9,35357E+11;;RE-OV-BRW-02;;;Комбинезон Hide the side / S- S;;;;11790.00;12;;Размеры:S;;Xyrur95VI1iZ3nYeZkHI;9,22504E+11;;;;0;0;0;0
2,48124E+11;;RE-OV-BRW-03;;;Комбинезон Hide the side / M- M;;;;11790.00;8;;Размеры:M;;POrmAozLf3Ppx0cNSzbm;9,22504E+11;;;;0;0;0;0
1,91693E+11;;;;Леггинсы и велосипедки;Леггинсы со штрипками;;;https://static.tildacdn.com/stor6664-3261-4436-b037-346239343130/99367577.jpg;;;;;;21338e97-9646-11ed-bc92-18037346542a;;коричневый;XS(40);82% нейлон, 18% спандекс;0;0;0;0
5,18724E+11;;RE-LGS-BRW-01;;;Леггинсы со штрипками / XS- XS;;;;7190.00;9;;Размеры:XS;;vdR7DCuGUAyUoVeBBDNB;1,91693E+11;;;;0;0;0;0
2,72866E+11;;RE-LGS-BRW-02;;;Леггинсы со штрипками / S- S;;;;7190.00;9;;Размеры:S;;s0C0LSYJ1f0zP32XkrTU;1,91693E+11;;;;0;0;0;0
5,77234E+11;;RE-LGS-BRW-03;;;Леггинсы со штрипками / M- M;;;;7190.00;1;;Размеры:M;;j4XSXRV3CKylRALj9D0s;1,91693E+11;;;;0;0;0;0
2,34753E+11;;;;Леггинсы и велосипедки;Леггинсы со штрипками;;;https://static.tildacdn.com/stor3339-6362-4162-b665-376435366165/43233576.jpg;;;;;;21338e9a-9646-11ed-bc92-18037346542a;;бордовый;XS(40);82% нейлон, 18% спандекс;0;0;0;0
5,48074E+11;;RE-LGS-BOR-01;;;Леггинсы со штрипками / XS- XS;;;;7190.00;3;;Размеры:XS;;YSIf7pcDrjNEmuB99grU;2,34753E+11;;;;0;0;0;0
1,45927E+11;;RE-LGS-BOR-02;;;Леггинсы со штрипками / S- S;;;;7190.00;9;;Размеры:S;;1VIddKdDN6s91o6C7ZO7;2,34753E+11;;;;0;0;0;0
7,13962E+11;;RE-LGS-BOR-03;;;Леггинсы со штрипками / M- M;;;;7190.00;;;Размеры:M;;i2GyVu6ScUEZFI978NA9;2,34753E+11;;;;0;0;0;0
2,40008E+11;;;;Леггинсы и велосипедки;Леггинсы со штрипками;;;https://static.tildacdn.com/stor3438-3430-4439-b365-626164303866/80305809.jpg;;;;;;e94f5e16-9d6a-11ed-bc92-18037346542a;;черный;"S (42); M (44)";82% нейлон, 18% спандекс;0;0;0;0
5,72712E+11;;RE-LGS-BLC-01;;;Леггинсы со штрипками / XS- XS;;;;7190.00;0;;Размеры:XS;;O6ABmb7fRiTfEN9IxkH4;2,40008E+11;;;;0;0;0;0
7,61593E+11;;RE-LGS-BLC-02;;;Леггинсы со штрипками / S (42)- S (42);;;;7190.00;1;;Размеры:S (42);;Fj6R1UbMzaxP9McF3i1U;2,40008E+11;;;;0;0;0;0
3,70749E+11;;RE-LGS-BLC-03;;;Леггинсы со штрипками / M (44)- M (44);;;;7190.00;3;;Размеры:M (44);;KNkdbNreCPXpPcbpPCEE;2,40008E+11;;;;0;0;0;0
2,44452E+11;;;;Комбинезоны;Комбинезон Hide the side;Комбинезон;;https://static.tildacdn.com/stor6265-6461-4865-b466-613833666531/45855676.jpg;;;;;;2b009bf4-a6dc-11ed-bc92-18037346542a;;сиреневый;"XS (40); S (42); M (44)";82% нейлон, 18% спандекс;0;0;0;0
4,42414E+11;;RE-OV-LI-05;;;Комбинезон Hide the side / XS (40)- XS (40);;;;11790.00;0;;Размеры:XS (40);;yGAmyYXevFcruXfb0TJZ;2,44452E+11;;;;0;0;0;0
2,72626E+11;;RE-OV-LI-06;;;Комбинезон Hide the side / S (42)- S (42);;;;11790.00;0;;Размеры:S (42);;lgsOAYU9XoPKZIYHUN3m;2,44452E+11;;;;0;0;0;0
4,84354E+11;;RE-OV-LI-07;;;Комбинезон Hide the side / M (44)- M (44);;;;11790.00;1;;Размеры:M (44);;lJ333gp79t368iROnMt6;2,44452E+11;;;;0;0;0;0
6,98145E+11;;;;Топы и футболки;Топ на резинке;;;https://static.tildacdn.com/stor6261-3835-4765-a437-373436313435/30683322.jpg;;;;;;2b009bf8-a6dc-11ed-bc92-18037346542a;;белый;XS/S (40-42);78% полиэстер, 22% эластан;0;0;0;0
6,56408E+11;;RE-T-WH-01;;;Топ на резинке / XS-S- XS-S;;;;4190.00;3;;Размеры:XS-S;;kp00ilJDG84XNTMImmrp;6,98145E+11;;;;0;0;0;0
1,81857E+11;;RE-T-WH-02;;;Топ на резинке / M-L- M-L;;;;4190.00;3;;Размеры:M-L;;to2Fz4peTpPZD0vIHNYA;6,98145E+11;;;;0;0;0;0
7,92653E+11;;;;Топы и футболки;Топ на резинке;;;https://static.tildacdn.com/stor3430-6633-4634-b935-376230393066/35067797.jpg;;;;;;2b009bfa-a6dc-11ed-bc92-18037346542a;;дымчато-голубой;XS/S (40-42);78% полиэстер, 22% эластан;0;0;0;0
5,81822E+11;;RE-T-SMB-04;;;Топ на резинке / XS-S- XS-S;;;;4190.00;3;;Размеры:XS-S;;E6ORDROT66hubeAD3zp1;7,92653E+11;;;;0;0;0;0
6,86671E+11;;RE-T-SMB-05;;;Топ на резинке / M-L- M-L;;;;4190.00;1;;Размеры:M-L;;g0DJM0b7kfRZHZbpVLT7;7,92653E+11;;;;0;0;0;0
7,70154E+11;;;;Леггинсы и велосипедки;Леггинсы с сеткой;;;https://static.tildacdn.com/stor6461-3463-4430-b339-396664323662/10712060.jpg;;;;;;2b009bfe-a6dc-11ed-bc92-18037346542a;;бежевый;XS/S (40-42);82% нейлон, 18% спандекс;0;0;0;0
7,25175E+11;;RE-LG-BO-01;;;Леггинсы с сеткой / XS-S- XS-S;;;;6290.00;3;;Размеры:XS-S;;nVu4gg3d5Y2vcmsrpsUx;7,70154E+11;;;;0;0;0;0
4,78527E+11;;RE-LG-BO-02;;;Леггинсы с сеткой / M-L- M-L;;;;6290.00;5;;Размеры:M-L;;TBgMVh7JBy5gZUXASi2a;7,70154E+11;;;;0;0;0;0
6,02141E+11;;;;Леггинсы и велосипедки;Леггинсы с сеткой;;;https://static.tildacdn.com/stor3939-6233-4532-b233-623361386236/79639501.jpg;;;;;;2b009c00-a6dc-11ed-bc92-18037346542a;;черный;"XS/S (40-42); M/L (44-46)";82% нейлон, 18% спандекс;0;0;0;0
4,95073E+11;;RE-LG-BL-08;;;Леггинсы с сеткой / XS/S (40-42)- XS/S (40-42);;;;6290.00;10;;Размеры:XS/S (40-42);;5YemVAcXJuhcnLSjuEY1;6,02141E+11;;;;0;0;0;0
8,05581E+11;;RE-LG-BL-09;;;Леггинсы с сеткой / M/L (44-46)- M/L (44-46);;;;6290.00;12;;Размеры:M/L (44-46);;Hlirkos73FIJTFxVVbIC;6,02141E+11;;;;0;0;0;0
5,62066E+11;;;;Топы и футболки;Топ с сеткой;;;https://static.tildacdn.com/stor3836-3839-4037-b362-633533386630/73586279.jpg;;;;;;2b009c04-a6dc-11ed-bc92-18037346542a;;черный;XS/S (40-42);82% нейлон, 18% спандекс;0;0;0;0
6,17324E+11;;RE-T-BL-08;;;Топ с сеткой / XS-S- XS-S;;;;5290.00;1;;Размеры:XS-S;;JeVuuLUgEsoeZtmG6ssz;5,62066E+11;;;;0;0;0;0
6,18113E+11;;RE-T-BL-9;;;Топ с сеткой / M-L- M-L;;;;5290.00;0;;Размеры:M-L;;ouYhJoFMeopziSi8Ub5A;5,62066E+11;;;;0;0;0;0
6,62801E+11;;;;Топы и футболки;Топ с сеткой;;;https://static.tildacdn.com/stor3330-6635-4661-b739-303030653365/46025539.jpg;;;;;;2b009c06-a6dc-11ed-bc92-18037346542a;;бежевый;XS/S (40-42);82% нейлон, 18% спандекс;0;0;0;0
2,90118E+11;;RE-T-BO-01;;;Топ с сеткой / XS-S- XS-S;;;;5290.00;10;;Размеры:XS-S;;49yLOvzC3DXHydabYyLy;6,62801E+11;;;;0;0;0;0
9,65792E+11;;RE-T-BO-02;;;Топ с сеткой / M-L- M-L;;;;5290.00;12;;Размеры:M-L;;VSfZS8fG9saXOz4fX7sn;6,62801E+11;;;;0;0;0;0
7,31332E+11;;;;Комбинезоны;Комбинезон Hide the side;Комбинезон;;https://static.tildacdn.com/stor3631-3763-4534-b730-326434343937/62192334.jpg;;;;;;be891713-ad0a-11ed-bc93-18037346542a;;бордовый;"XS (40); S (42); M (44)";82% нейлон, 18% спандекс;0;0;0;0
9,60207E+11;;RE-OV-BOR-01;;;Комбинезон Hide the side / XS (40)- XS (40);;;;11790.00;9;;Размеры:XS (40);;ixdy4eK6RETfYJFv5kdK;7,31332E+11;;;;0;0;0;0
1,7707E+11;;RE-OV-BOR-02;;;Комбинезон Hide the side / S (42)- S (42);;;;11790.00;16;;Размеры:S (42);;oisYSsgMABv40KKgs1Z0;7,31332E+11;;;;0;0;0;0
1,67246E+11;;RE-OV-BOR-03;;;Комбинезон Hide the side / M (44)- M (44);;;;11790.00;6;;Размеры:M (44);;CLLaYVlhDRc7T0khsJKx;7,31332E+11;;;;0;0;0;0
1,47336E+11;;;;Топы и футболки;Футболка базовая;Футболка;;https://static.tildacdn.com/stor3666-3864-4737-a164-363763326135/56009970.jpg;;;;;;be89171d-ad0a-11ed-bc93-18037346542a;;экрю;onesize;95% бамбук, 5% лайкра;0;0;0;0
1,09761E+11;;RE-TS-ECR-02;;;Футболка базовая / onesize- onesize;;;;5990.00;3;;Размеры:onesize;;n4VTPdhORJV3fuy1iSpN;1,47336E+11;;;;0;0;0;0
3,52414E+11;;RE-TS-ECR-03;;;Футболка базовая / oversize- oversize;;;;5990.00;1;;Размеры:oversize;;TUvLMe5XYjJn0rSMtuyS;1,47336E+11;;;;0;0;0;0
2,90466E+11;;RE-TS-GRE-01;;Топы и футболки;Футболка базовая;;;https://static.tildacdn.com/stor6537-3261-4166-a365-626663663136/20868415.jpg;5990.00;3;;;;e4a3feb9-addf-11ed-bc94-18037346542a;;серый;oversize;100% хлопок;0;0;0;0
4,89589E+11;;RE-LG-GRE-01;;Леггинсы и велосипедки;Леггинсы базовые;Леггинсы;;https://static.tildacdn.com/stor6263-3262-4237-b561-306338613035/21733839.jpg;5299.00;2;;;;e4a3febd-addf-11ed-bc94-18037346542a;;серый;XS(40);100% хлопок;0;0;0;0
4,85544E+11;;;;Леггинсы и велосипедки;Велосипедки;;;https://static.tildacdn.com/stor6465-6664-4033-a337-326561306666/71541272.jpg;;;;;;e4a3febe-addf-11ed-bc94-18037346542a;;серый;XS(40);100% хлопок;0;0;0;0
2,15393E+11;;RE-CYC-GRE-01;;;Велосипедки / XS- XS;;;;4299.00;3;;Размеры:XS;;7uKOkZCO0ahHcjfVAeKp;4,85544E+11;;;;0;0;0;0
8,91901E+11;;RE-CYC-GRE-02;;;Велосипедки / S- S;;;;4299.00;1;;Размеры:S;;kKfVJGIclexJ3n3b9kaO;4,85544E+11;;;;0;0;0;0
9,99223E+11;;;;Леггинсы и велосипедки;Велосипедки;;;https://static.tildacdn.com/stor6165-3166-4835-a437-386364333835/19290704.jpg;;;;;;e4a3fec1-addf-11ed-bc94-18037346542a;;экрю;XS(40);95% бамбук, 5% лайкра;0;0;0;0
1,38957E+11;;RE-CYC-ECR-04;;;Велосипедки / XS- XS;;;;4299.00;3;;Размеры:XS;;uiTz6UxbmXtjhZKOfDv7;9,99223E+11;;;;0;0;0;0
2,09231E+11;;RE-CYC-ECR-05;;;Велосипедки / S- S;;;;4299.00;3;;Размеры:S;;LL0kzu9TAP5le2AtLAVu;9,99223E+11;;;;0;0;0;0
3,36476E+11;;;;"Брюки и шорты;everrever by Victoria Demidova";Шорты Glam Sport;Шорты;;https://static.tildacdn.com/stor6631-6264-4835-b234-316265353635/59364454.jpg;;;;;;e4a3fec5-addf-11ed-bc94-18037346542a;;белый;"XS/S (40-42); M/L (44-46)";100% полиэфир;0;0;0;0
7,50218E+11;;RE-SH-WH-01;;;Шорты Glam Sport / XS/S (40-42)- XS/S (40-42);;;;7900.00;0;;Размеры:XS/S (40-42);;66hsZ86tk3pRFusFMp3R;3,36476E+11;;;;0;0;0;0
1,41506E+11;;RE-SH-WH-02;;;Шорты Glam Sport / M/L (44-46)- M/L (44-46);;;;7900.00;4;;Размеры:M/L (44-46);;K7zBy9TuBsSP1oUkYBcP;3,36476E+11;;;;0;0;0;0
7,89215E+11;;;;Брюки и шорты;Шорты Glam Sport;Шорты;;https://static.tildacdn.com/stor3162-3335-4333-b363-316131636466/52011932.jpg;;;;;;e4a3fece-addf-11ed-bc94-18037346542a;;бежевый;"XS/S (40-42); M/L (44-46)";100% полиэфир;0;0;0;0
5,10038E+11;;RE-SH-BW-01;;;Шорты Glam Sport / XS/S (40-42)- XS/S (40-42);;;;7900.00;2;;Размеры:XS/S (40-42);;EvP49lyaRt6ldZ7yrlDF;7,89215E+11;;;;0;0;0;0
8,45522E+11;;RE-SH-BW-02;;;Шорты Glam Sport / M/L (44-46)- M/L (44-46);;;;7900.00;0;;Размеры:M/L (44-46);;gejnrYenvhTaSUTRj5Au;7,89215E+11;;;;0;0;0;0
8,99795E+11;;;;Топы и футболки;Топ с узлом;;;https://static.tildacdn.com/stor3565-3733-4661-b337-653631643766/23496143.jpg;;;;;;6d49ff50-b686-11ed-bc94-18037346542a;;черный;XS (40);82% нейлон, 18% спандекс;0;0;0;0
5,9858E+11;;RE-KT-BLC-01;;;Топ с узлом / XS- XS;;;;5990.00;3;;Размеры:XS;;55DXaxKTrUexYuz3fFb2;8,99795E+11;;;;0;0;0;0
6,11704E+11;;RE-KT-BLC-02;;;Топ с узлом / S- S;;;;5990.00;0;;Размеры:S;;UuaV8ctfxaf7Gebbnc8E;8,99795E+11;;;;0;0;0;0
3,36565E+11;;RE-KT-BLC-03;;;Топ с узлом / M- M;;;;5990.00;1;;Размеры:M;;ZNaedUESkALtCxIJEnda;8,99795E+11;;;;0;0;0;0
9,41503E+11;;;;Топы и футболки;Топ с узлом;;;https://static.tildacdn.com/stor3461-3639-4136-a133-623061656632/93326247.jpg;;;;;;6d49ff56-b686-11ed-bc94-18037346542a;;бордовый;XS (40);82% нейлон, 18% спандекс;0;0;0;0
9,98288E+11;;RE-KT-BOR-01;;;Топ с узлом / XS- XS;;;;5990.00;0;;Размеры:XS;;r6UXG36APpbMgHccs3u9;9,41503E+11;;;;0;0;0;0
9,01132E+11;;RE-KT-BOR-02;;;Топ с узлом / S- S;;;;5990.00;2;;Размеры:S;;dtKVsDhNLI7sL5fb5ByD;9,41503E+11;;;;0;0;0;0
2,85049E+11;;RE-KT-BOR-03;;;Топ с узлом / M- M;;;;5990.00;0;;Размеры:M;;JvS7fOHGUARnxJE64U0H;9,41503E+11;;;;0;0;0;0
9,23494E+11;;;;Комбинезоны;Комбинезон Classic;Комбинезон;;https://static.tildacdn.com/stor3662-3165-4130-b566-316462613339/18980131.jpg;;;;;;4366b849-b80e-11ed-bc95-18037346542a;;зеленый;XS (40);80% полиамид, 20% эластан;0;0;0;0
4,0236E+11;;RE-OV-GRE-01;;;Комбинезон Classic / XS- XS;;;;14890.00;12;;Размеры:XS;;IpF8hErA5L6HfC7luMi0;9,23494E+11;;;;0;0;0;0
4,85116E+11;;RE-OV-GRE-02;;;Комбинезон Classic / S- S;;;;14890.00;6;;Размеры:S;;2b7KtLyuJGLdG1ukOfHz;9,23494E+11;;;;0;0;0;0
8,54292E+11;;RE-OV-GRE-03;;;Комбинезон Classic / M- M;;;;14890.00;16;;Размеры:M;;m7yoD9vVAFRjCMi4geCK;9,23494E+11;;;;0;0;0;0
3,37586E+11;;;;Комбинезоны;Комбинезон Classic;Комбинезон;;https://static.tildacdn.com/stor3064-6363-4566-b066-663838376566/23698956.jpg;;;;;;4366b850-b80e-11ed-bc95-18037346542a;;синий;XS (40);80% полиамид, 20% эластан;0;0;0;0
1,93018E+11;;RE-OV-BLU-07;;;Комбинезон Classic / XS- XS;;;;14890.00;11;;Размеры:XS;;0FS3YOTmDysnt6ZJotfd;3,37586E+11;;;;0;0;0;0
1,07037E+11;;RE-OV-BLU-08;;;Комбинезон Classic / S- S;;;;14890.00;9;;Размеры:S;;8MpETzdthEGUVPjexRP5;3,37586E+11;;;;0;0;0;0
5,36701E+11;;RE-OV-BLU-09;;;Комбинезон Classic / M- M;;;;14890.00;10;;Размеры:M;;RJ4UGv3RjoTGEFvMBk1b;3,37586E+11;;;;0;0;0;0
4,11781E+11;;;;"Бестселлеры;Брюки и шорты";Шорты Glam Sport;;;https://static.tildacdn.com/stor3366-6639-4434-b836-643363633935/77215284.jpg;;;;;;4366b85e-b80e-11ed-bc95-18037346542a;;черный;;100% полиэфир;0;0;0;0
6,89783E+11;;RE-SH-BL-01;;;Шорты Glam Sport / XS/S (40-42)- XS/S (40-42);;;;7900.00;0;;Размеры:XS/S (40-42);;U3BGhsATfHIcyGXDk6mE;4,11781E+11;;;;0;0;0;0
3,69955E+11;;RE-SH-BL-02;;;Шорты Glam Sport / M/L (44-46)- M/L (44-46);;;;7900.00;1;;Размеры:M/L (44-46);;LbGnRymgypRf4393aRua;4,11781E+11;;;;0;0;0;0
8,07022E+11;;RE-TD-WH-01;;"Бестселлеры;Худи и толстовки;Верхняя одежда";Свитер Тедди;;;https://static.tildacdn.com/stor6631-6166-4433-b531-313761643937/11024133.jpg;19990.00;7;;;;4366b865-b80e-11ed-bc95-18037346542a;;белый;oversize;100% полиэстер, подкладка: 95% бамбук, 5% лайкра;0;0;0;0
9,98584E+11;;;;Топы и футболки;Топ с узлом;;;https://static.tildacdn.com/stor3862-3563-4539-a137-313639663765/99119324.jpg;;;;;;1a263aa2-c3f1-11ed-bc95-18037346542a;;коричневый;XS (40);82% нейлон, 18% спандекс;0;0;0;0
8,48144E+11;;RE-KT-BRW-01;;;Топ с узлом / XS- XS;;;;5990.00;1;;Размеры:XS;;Zjl44c01hseYKFITAPcC;9,98584E+11;;;;0;0;0;0
8,76439E+11;;RE-KT-BRW-02;;;Топ с узлом / S- S;;;;5990.00;8;;Размеры:S;;5TT4VLDuZkG4SGdyxF0g;9,98584E+11;;;;0;0;0;0
1,77244E+11;;RE-KT-BRW-03;;;Топ с узлом / M- M;;;;5990.00;2;;Размеры:M;;3b5E1TZrLrHcYjK9OZRr;9,98584E+11;;;;0;0;0;0
5,85588E+11;;;;Леггинсы и велосипедки;Леггинсы на резинке;;;https://static.tildacdn.com/stor3564-6466-4737-b632-313434363465/42240234.jpg;;;;;;1a263aaa-c3f1-11ed-bc95-18037346542a;;черный;"XS/S (40-42); M/L (44-46)";78% полиэстер, 22% эластан;0;0;0;0
9,73274E+11;;RE-LG-BL-06;;;Леггинсы на резинке / XS/S (40-42)- XS/S (40-42);;;;5990.00;0;;Размеры:XS/S (40-42);;Dk1SddjKny1FTmfnl8La;5,85588E+11;;;;0;0;0;0
6,12741E+11;;RE-LG-BL-07;;;Леггинсы на резинке / M/L (44-46)- M/L (44-46);;;;5990.00;4;;Размеры:M/L (44-46);;ecaPY0l0700ByboHkFPP;5,85588E+11;;;;0;0;0;0
3,59816E+11;;;;Леггинсы и велосипедки;Леггинсы на резинке;Леггинсы;;https://static.tildacdn.com/stor6238-3639-4439-a563-336438396464/84441623.jpg;;;;;;1a263ab4-c3f1-11ed-bc95-18037346542a;;белый;"XS/S (40-42); M/L (44-46)";78% полиэстер, 22% эластан;0;0;0;0
8,55225E+11;;RE-LG-WH-01;;;Леггинсы на резинке / XS/S (40-42)- XS/S (40-42);;;;5990.00;2;;Размеры:XS/S (40-42);;jtSfxl8gTjaMPFrxJzhM;3,59816E+11;;;;0;0;0;0
4,54788E+11;;RE-LG-WH-02;;;Леггинсы на резинке / M/L (44-46)- M/L (44-46);;;;5990.00;1;;Размеры:M/L (44-46);;A13U14cajnZeRxEi6Xrn;3,59816E+11;;;;0;0;0;0
9,75691E+11;;;;Топы и футболки;Топ на резинке;;;https://static.tildacdn.com/stor3164-3464-4965-a438-653733626533/47970277.jpg;;;;;;1a263abc-c3f1-11ed-bc95-18037346542a;;черный;XS/S (40-42);78% полиэстер, 22% эластан;0;0;0;0
9,07896E+11;;RE-T-BLC-06;;;Топ на резинке / XS-S- XS-S;;;;4190.00;2;;Размеры:XS-S;;PRxH3rutebOEADv8ONLK;9,75691E+11;;;;0;0;0;0
6,09662E+11;;RE-T-BLC-07;;;Топ на резинке / M-L- M-L;;;;4190.00;9;;Размеры:M-L;;tD62HgFPPVe3XOBpGeJS;9,75691E+11;;;;0;0;0;0
9,09113E+11;;;;Леггинсы и велосипедки;Леггинсы с сеткой;;;https://static.tildacdn.com/stor6232-3235-4531-a631-376338323236/97790031.jpg;;;;;;1a263ac1-c3f1-11ed-bc95-18037346542a;;белый;"XS/S (40-42); M/L (44-46)";82% нейлон, 18% спандекс;0;0;0;0
1,67384E+11;;RE-LG-WH-03;;;Леггинсы с сеткой / XS/S (40-42)- XS/S (40-42);;;;6290.00;1;;Размеры:XS/S (40-42);;RPcC1rPnUPLTPocHYkux;9,09113E+11;;;;0;0;0;0
2,76525E+11;;RE-LG-WH-04;;;Леггинсы с сеткой / M/L (44-46)- M/L (44-46);;;;6290.00;2;;Размеры:M/L (44-46);;tB5V1Aga3ogHEOeBaZPg;9,09113E+11;;;;0;0;0;0
8,10856E+11;;;;Леггинсы и велосипедки;Леггинсы на резинке;;;https://static.tildacdn.com/stor6438-3638-4536-a462-396536313735/15019060.jpg;;;;;;1a263aca-c3f1-11ed-bc95-18037346542a;;дымчато-голубой;"XS/S (40-42); M/L (44-46)";78% полиэстер, 22% эластан;0;0;0;0
8,68642E+11;;RE-LG-SMB-04;;;Леггинсы на резинке / XS/S (40-42)- XS/S (40-42);;;;5990.00;0;;Размеры:XS/S (40-42);;XfFaT2znSSit8IKjRnif;8,10856E+11;;;;0;0;0;0
4,05435E+11;;RE-LG-SMB-05;;;Леггинсы на резинке / M/L (44-46)- M/L (44-46);;;;5990.00;2;;Размеры:M/L (44-46);;uFtJesArVdne6zBR40jO;8,10856E+11;;;;0;0;0;0
4,82304E+11;;;;Леггинсы и велосипедки;Леггинсы Wellnes;;;https://static.tildacdn.com/stor6462-3335-4536-a234-646161333736/48224584.jpg;;;;;;1a263ad4-c3f1-11ed-bc95-18037346542a;;черный;"XS(40); S (42)";95% хлопок, 5% эластан;0;0;0;0
8,6942E+11;;RE-LG-BLO-01;;;Леггинсы Wellnes / XS(40)- XS(40);;;;5299.00;2;;Размеры:XS(40);;0a6t41iyvuMx10CVLNRE;4,82304E+11;;;;0;0;0;0
2,55184E+11;;RE-LG-BLO-02;;;Леггинсы Wellnes / S (42)- S (42);;;;5299.00;2;;Размеры:S (42);;6TeiujT8hp0S5EJe6anC;4,82304E+11;;;;0;0;0;0
7,79783E+11;;RE-CYC-BLU-02;;Леггинсы и велосипедки;Велосипедки Wellnes;Велосипедки Wellnes;;https://static.tildacdn.com/stor3133-3434-4538-a433-346661616662/94323129.jpg;4299.00;1;;;;afdd5189-d2c8-11ed-bc95-18037346542a;;синий;S (42);65% вискоза, 30% нейлон, 5% лайкра;0;0;0;0
6,01889E+11;;;;Леггинсы и велосипедки;Велосипедки Wellnes;;;https://static.tildacdn.com/stor3133-3233-4632-b334-646432303835/80416305.jpg;;;;;;afdd518d-d2c8-11ed-bc95-18037346542a;;черный;XS(40);95% хлопок, 5% эластан;0;0;0;0
2,03072E+11;;RE-CYC-BLO-01;;;Велосипедки Wellnes / XS- XS;;;;4299.00;3;;Размеры:XS;;0VuXrVrVvCNl3RHHpv2t;6,01889E+11;;;;0;0;0;0
4,44601E+11;;RE-CYC-BLO-02;;;Велосипедки Wellnes / S- S;;;;4299.00;0;;Размеры:S;;Ig7YOJajazRzI0VZSpjA;6,01889E+11;;;;0;0;0;0
6,94932E+11;;;;Комбинезоны;Ромпер;;;https://static.tildacdn.com/stor3139-3930-4065-a365-313164343634/15827421.jpg;;;;;;1df94e88-e01d-11ed-bc96-18037346542a;;черный;XS (40);100% полиэстер;0;0;0;0
9,07742E+11;;RE-JS-BL-01;;;Ромпер / XS- XS;;;;16790.00;2;;Размеры:XS;;BUibZS9U4DHn69C08e9I;6,94932E+11;;;;0;0;0;0
1,31241E+11;;RE-JS-BL-02;;;Ромпер / S- S;;;;16790.00;0;;Размеры:S;;3rX1yfFXti4Yuz4yBIsI;6,94932E+11;;;;0;0;0;0
5,13806E+11;;RE-JS-BL-03;;;Ромпер / M- M;;;;16790.00;2;;Размеры:M;;0YOdU0XRGaraFfFutF9P;6,94932E+11;;;;0;0;0;0
5,71847E+11;;;;"Топы и футболки;SOFT TOUCH";Топ с узлом;;;https://static.tildacdn.com/stor3534-6164-4163-b031-303861316264/68813122.jpg;;;;;;ca467186-e8de-11ed-bc96-18037346542a;;черный;;95% полиэстер , 5% спандекс;0;0;0;0
4,21253E+11;;RE-KT-GRE-01;;;Топ с узлом / XS(40)- XS(40);;;;5990.00;5;;Размеры:XS(40);;bO3Y8EmBHyd6YkL02It9;5,71847E+11;;;;0;0;0;0
1,38168E+11;;RE-KT-GRE-02;;;Топ с узлом / S (42)- S (42);;;;5990.00;5;;Размеры:S (42);;dlrHnvlCldMSko3yzmtY;5,71847E+11;;;;0;0;0;0
8,61545E+11;;RE-KT-GRE-03;;;Топ с узлом / M (44)- M (44);;;;5990.00;5;;Размеры:M (44);;v91Kmmpd7nKXuMCxymdH;5,71847E+11;;;;0;0;0;0
1,74646E+11;;;;"Топы и футболки;SOFT TOUCH";Топ с узлом;;;https://static.tildacdn.com/stor3335-3237-4734-b064-393434646563/60307564.jpg;;;;;;e020bc46-e9a5-11ed-bc96-18037346542a;;белый;XS/S (40-42);95% полиэстер 5% спандекс;0;0;0;0
3,78574E+11;;RE-KT-WH-01;;;Топ с узлом / XS- XS;;;;5990.00;7;;Размеры:XS;;M6rLmIhU3ICzEP2dIYLy;1,74646E+11;;;;0;0;0;0
4,33172E+11;;RE-KT-WH-02;;;Топ с узлом / S- S;;;;5990.00;6;;Размеры:S;;PgaZLK1MXhSDZKGhPbtd;1,74646E+11;;;;0;0;0;0
5,93188E+11;;RE-KT-WH-03;;;Топ с узлом / M- M;;;;5990.00;4;;Размеры:M;;CtD7uAM6cf7siFA1s54b;1,74646E+11;;;;0;0;0;0
4,55487E+11;;;;"Бестселлеры;Комбинезоны";Ромпер;;;https://static.tildacdn.com/stor6238-6232-4363-b362-356438366534/11783456.jpg;;;;;;e020bc50-e9a5-11ed-bc96-18037346542a;;голубой;;100% полиэстер;0;0;0;0
2,04846E+11;;RE-JS-BLU-01;;;Ромпер / XS- XS;;;;16790.00;4;;Размеры:XS;;PTzTzFJtRhROtTDPOOY9;4,55487E+11;;;;0;0;0;0
3,92026E+11;;RE-JS-BLU-02;;;Ромпер / S- S;;;;16790.00;2;;Размеры:S;;ycusSzYbx8lDBBBnata7;4,55487E+11;;;;0;0;0;0
1,46455E+11;;;;"Бестселлеры;Комбинезоны";Ромпер;;;https://static.tildacdn.com/stor3036-6630-4537-b166-303438653565/80541873.jpg;;;;;;226cb78d-f652-11ed-bc98-18037346542a;;сиреневый;;100% полиэстер;0;0;0;0
7,0302E+11;;RE-JS-LI-01;;;Ромпер / XS- XS;;;;16790.00;4;;Размеры:XS;;7s5o07EJXXDnsnlMTD2e;1,46455E+11;;;;0;0;0;0
1,03027E+11;;RE-JS-LI-02;;;Ромпер / S- S;;;;16790.00;0;;Размеры:S;;Ii4AvYBmtaoymb8VHPHI;1,46455E+11;;;;0;0;0;0
3,95434E+11;;;;"Брюки и шорты;Рубчик";Шорты на резинке;;;https://static.tildacdn.com/stor3330-6661-4638-b736-656330656337/71141002.jpg;;;;;;220c8aad-ffa7-11ed-bc99-18037346542a;;желтый;;95% полиэстер, 5% эластан;0;0;0;0
8,83841E+11;;RE-SHST-YL-03;;;Шорты на резинке / XS-S- XS-S;;;https://static.tildacdn.com/stor3330-6661-4638-b736-656330656337/71141002.jpg;4290.00;13;;Размеры:XS-S;;NkdLRNldFifKBsgGIOdU;3,95434E+11;;;;0;0;0;0
6,19216E+11;;RE-SHST-YL-04;;;Шорты на резинке / M-L- M-L;;;https://static.tildacdn.com/stor3330-6661-4638-b736-656330656337/71141002.jpg;4290.00;6;;Размеры:M-L;;T7Ubphzgk53dsbVnj8nE;3,95434E+11;;;;0;0;0;0
5,73914E+11;;;;"Брюки и шорты;Рубчик";Шорты на резинке;Шорты на резинке;;https://static.tildacdn.com/stor3566-6239-4831-b432-613136346465/40203704.jpg;;;;;;220c8ab2-ffa7-11ed-bc99-18037346542a;;охра;XS/S (40-42);95% полиэстер, 5% эластан;0;0;0;0
2,51464E+11;;RE-SHST-OR-03;;;Шорты на резинке / XS-S- XS-S;;;https://static.tildacdn.com/stor3566-6239-4831-b432-613136346465/40203704.jpg;4290.00;4;;Размеры:XS-S;;t0FHfVj2icbLLPInPgG3;5,73914E+11;;;;0;0;0;0
4,26551E+11;;RE-SHST-OR-04;;;Шорты на резинке / M-L- M-L;;;https://static.tildacdn.com/stor3566-6239-4831-b432-613136346465/40203704.jpg;4290.00;0;;Размеры:M-L;;gc6HIUjcnkVnkY8VPPVF;5,73914E+11;;;;0;0;0;0
9,43384E+11;;;;"Брюки и шорты;Рубчик";Шорты на резинке;;;https://static.tildacdn.com/stor6532-6337-4339-a339-613236656266/12855989.jpg;;;;;;220c8ab7-ffa7-11ed-bc99-18037346542a;;розовый;;95% полиэстер, 5% эластан;0;0;0;0
8,00349E+11;;RE-SHST-PIN-03;;;Шорты на резинке / XS-S- XS-S;;;;4290.00;3;;Размеры:XS-S;;hjB8gNXN1rCk7GrikY61;9,43384E+11;;;;0;0;0;0
7,54395E+11;;RE-SHST-PIN-04;;;Шорты на резинке / M-L- M-L;;;;4290.00;1;;Размеры:M-L;;R5xT0T67ahNdufDeXg7d;9,43384E+11;;;;0;0;0;0
8,2167E+11;;;;"Брюки и шорты;Рубчик";Шорты на резинке;Шорты на резинке;;https://static.tildacdn.com/stor6565-3065-4632-b766-333661333632/95783006.jpg;;;;;;220c8abb-ffa7-11ed-bc99-18037346542a;;белый;XS/S (40-42);95% полиэстер, 5% эластан;0;0;0;0
8,29863E+11;;RE-SHST-WH-03;;;Шорты на резинке / XS-S- XS-S;;;;4290.00;3;;Размеры:XS-S;;SMSEYRJboCAeMGerg3SV;8,2167E+11;;;;0;0;0;0
9,70804E+11;;RE-SHST-WH-04;;;Шорты на резинке / M-L- M-L;;;;4290.00;1;;Размеры:M-L;;oSIRYbe8VcthPcUCRzIO;8,2167E+11;;;;0;0;0;0
5,1198E+11;;;;"Брюки и шорты;Рубчик";Шорты рубчик;Шорты рубчик;;https://static.tildacdn.com/stor3666-3830-4530-a137-653633386535/95081714.jpg;;;;;;220c8abf-ffa7-11ed-bc99-18037346542a;;розовый;"XS/S (40-42); M-L";95% полиэстер, 5% эластан;0;0;0;0
4,55554E+11;;RE-SHST-P-01;;;Шорты рубчик / XS-S- XS-S;;;;3750.00;3;;Размеры:XS-S;;Tk4bVonHH6RYvaU2lI6v;5,1198E+11;;;;0;0;0;0
3,48095E+11;;RE-SHST-P-02;;;Шорты рубчик / M-L- M-L;;;;3750.00;4;;Размеры:M-L;;2BhAHnRjEiBj8pMHIzbK;5,1198E+11;;;;0;0;0;0
4,59361E+11;;;;"Брюки и шорты;Рубчик";Шорты рубчик;Шорты рубчик;;https://static.tildacdn.com/stor3532-6666-4237-b035-663539353834/58661771.jpg;;;;;;220c8ac6-ffa7-11ed-bc99-18037346542a;;голубой;"XS/S (40-42); M-L";95% полиэстр, 5% эластан;0;0;0;0
4,09304E+11;;RE-SHST-BLU-01;;;Шорты рубчик / XS-S- XS-S;;;;3750.00;2;;Размеры:XS-S;;ExLSPAZVKNav1HjDCeKD;4,59361E+11;;;;0;0;0;0
3,60887E+11;;RE-SHST-BLU-02;;;Шорты рубчик / M-L- M-L;;;;3750.00;2;;Размеры:M-L;;60Kdo9GzLttd5jLF8L7x;4,59361E+11;;;;0;0;0;0
9,41102E+11;;;;"Леггинсы и велосипедки;Рубчик";Велосипедки рубчик;;;https://static.tildacdn.com/stor6634-3063-4339-a466-396336633463/74440271.jpg;;;;;;220c8aca-ffa7-11ed-bc99-18037346542a;;розовый;XS/S (40-42);95% полиэстер, 5% эластан;0;0;0;0
3,20452E+11;;RE-CYCST-PIN-02;;;Велосипедки рубчик / XS-S- XS-S;;;;3950.00;3;;Размеры:XS-S;;36lCfMvh7J9duOBNIPJr;9,41102E+11;;;;0;0;0;0
2,7501E+11;;RE-CYCST-PIN-03;;;Велосипедки рубчик / M-L- M-L;;;;3950.00;1;;Размеры:M-L;;NZKzXrOt7mnz6UtFiKLN;9,41102E+11;;;;0;0;0;0
5,68788E+11;;;;"Леггинсы и велосипедки;Рубчик";Велосипедки рубчик;;;https://static.tildacdn.com/stor3766-3266-4430-a237-613330633931/92289049.jpg;;;;;;220c8ad0-ffa7-11ed-bc99-18037346542a;;голубой;XS/S (40-42);95% полиэстер, 5% эластан;0;0;0;0
5,53584E+11;;RE-CYCST-BLU-01;;;Велосипедки рубчик / XS-S- XS-S;;;;3950.00;2;;Размеры:XS-S;;sVGjctLzcU46dCyP9SCv;5,68788E+11;;;;0;0;0;0
7,5153E+11;;RE-CYCST-BLU-02;;;Велосипедки рубчик / M-L- M-L;;;;3950.00;1;;Размеры:M-L;;zNcXEFMXSKal9ORN06H9;5,68788E+11;;;;0;0;0;0
4,2903E+11;;;;Леггинсы и велосипедки;Велосипедки на резинке;;;https://static.tildacdn.com/stor3035-6561-4666-a633-353164373933/91700237.jpg;;;;;;220c8ad5-ffa7-11ed-bc99-18037346542a;;розовый;XS/S (40-42);95% полиэстер, 5% эластан;0;0;0;0
9,78173E+11;;RE-CYCST-P-03;;;Велосипедки на резинке / XS-S- XS-S;;;;4490.00;2;;Размеры:XS-S;;YK8Afn6rMiSUTnVidGpy;4,2903E+11;;;;0;0;0;0
2,86308E+11;;RE-CYCST-P-04;;;Велосипедки на резинке / M-L- M-L;;;;4490.00;3;;Размеры:M-L;;ds7xIHKf6puo5AV62eOp;4,2903E+11;;;;0;0;0;0
9,46264E+11;;;;Леггинсы и велосипедки;Велосипедки на резинке;;;https://static.tildacdn.com/stor6138-3162-4632-b734-373337363634/22258161.jpg;;;;;;220c8adb-ffa7-11ed-bc99-18037346542a;;охра;XS/S (40-42);95% полиэстер, 5% эластан;0;0;0;0
3,35275E+11;;RE-CYCST-OR-03;;;Велосипедки на резинке / XS-S- XS-S;;;;4490.00;15;;Размеры:XS-S;;4P3iT9UeLjdVcuHb6JSb;9,46264E+11;;;;0;0;0;0
4,28468E+11;;RE-CYCST-OR-04;;;Велосипедки на резинке / M-L- M-L;;;;4490.00;5;;Размеры:M-L;;33m06V0DI7BMxaBaS62c;9,46264E+11;;;;0;0;0;0
7,90311E+11;;;;Леггинсы и велосипедки;Велосипедки на резинке;;;https://static.tildacdn.com/stor6536-6634-4233-b464-623931363934/18226025.jpg;;;;;;220c8ae2-ffa7-11ed-bc99-18037346542a;;желтый;XS/S (40-42);95% полиэстер, 5% эластан;0;0;0;0
5,11547E+11;;RE-CYCST-Y-03;;;Велосипедки на резинке / XS-S- XS-S;;;;4490.00;15;;Размеры:XS-S;;vhxi0ir3VZF4r76Os3cm;7,90311E+11;;;;0;0;0;0
7,70707E+11;;RE-CYCST-Y-04;;;Велосипедки на резинке / M-L- M-L;;;;4490.00;6;;Размеры:M-L;;9GA9PSdaDHdvIURtUag6;7,90311E+11;;;;0;0;0;0
5,28581E+11;;;;"Топы и футболки;Рубчик";Топ рубчик;Топ рубчик;;https://static.tildacdn.com/stor6664-6166-4664-b266-313635333934/56050478.jpg;;;;;;220c8ae8-ffa7-11ed-bc99-18037346542a;;желтый;"XS/S (40-42); M/L (44-46)";95% полиэстер, 5% эластан;0;0;0;0
9,55597E+11;;RE-TST-Y-01;;;Топ рубчик / XS/S (40-42)- XS/S (40-42);;;;4490.00;14;;Размеры:XS/S (40-42);;rTeFljEsdfiMziA4z4r3;5,28581E+11;;;;0;0;0;0
7,57601E+11;;RE-TST-Y-02;;;Топ рубчик / M/L (44-46)- M/L (44-46);;;;4490.00;7;;Размеры:M/L (44-46);;HoRsMHDhYxhxEuI3a82a;5,28581E+11;;;;0;0;0;0
3,37995E+11;;;;"Топы и футболки;Рубчик";Топ рубчик;Топ рубчик;;https://static.tildacdn.com/stor3331-3664-4631-b161-333438306334/43991261.jpg;;;;;;cc4aa310-ffae-11ed-bc99-18037346542a;;охра;XS/S (40-42);95% полиэстер, 5% эластан;0;0;0;0
5,26577E+11;;RE-TST-OR-01;;;Топ рубчик- ;;;;4490.00;10;;Размеры:;;s1b5CX3zuthJHpKbe0mf;3,37995E+11;;;;0;0;0;0
9,63655E+11;;RE-TST-OR-02;;;Топ рубчик- ;;;;4490.00;4;;Размеры:;;GxeujhmMDRk2lGSGkXkM;3,37995E+11;;;;0;0;0;0
7,21269E+11;;;;"Топы и футболки;Рубчик";Топ рубчик;Топ рубчик;;https://static.tildacdn.com/stor3063-3437-4465-a638-633465313531/10878607.jpg;;;;;;cc4aa315-ffae-11ed-bc99-18037346542a;;розовый;"XS/S (40-42); M/L (44-46)";95% полиэстер, 5% эластан;0;0;0;0
1,59117E+11;;RE-TST-P-01;;;Топ рубчик / XS/S (40-42)- XS/S (40-42);;;;4490.00;3;;Размеры:XS/S (40-42);;Lx3LcdL1HyGZyhtnbY0X;7,21269E+11;;;;0;0;0;0
9,26909E+11;;RE-TST-P-02;;;Топ рубчик / M/L (44-46)- M/L (44-46);;;;4490.00;3;;Размеры:M/L (44-46);;xupYexA7HGetp0Gu8Xo3;7,21269E+11;;;;0;0;0;0
2,59614E+11;;;;"Топы и футболки;Рубчик";Топ-бра рубчик;Топ-бра рубчик;;https://static.tildacdn.com/stor3461-6666-4864-a232-323266623533/88112705.jpg;;;;;;cc4aa319-ffae-11ed-bc99-18037346542a;;желтый;"XS/S (40-42); M/L (44-46)";95% полиэстер, 5% эластан;0;0;0;0
8,35687E+11;;RE-TBST-Y-01;;;Топ-бра рубчик / XS/S (40-42)- XS/S (40-42);;;;4190.00;23;;Размеры:XS/S (40-42);;sDBNPsOvVV9MT1KmF2NG;2,59614E+11;;;;0;0;0;0
3,02024E+11;;RE-TBST-Y-02;;;Топ-бра рубчик / M/L (44-46)- M/L (44-46);;;;4190.00;13;;Размеры:M/L (44-46);;AzrSPxaxnm0LidNFJGXM;2,59614E+11;;;;0;0;0;0
9,30166E+11;;;;"Топы и футболки;Рубчик";Топ-бра рубчик;Топ-бра рубчик;;https://static.tildacdn.com/stor3761-3631-4232-b639-343938636365/52970957.jpg;;;;;;cc4aa31d-ffae-11ed-bc99-18037346542a;;охра;"XS/S (40-42); M/L (44-46)";95% полиэстер, 5% эластан;0;0;0;0
2,50186E+11;;RE-TBST-OR-01;;;Топ-бра рубчик / XS/S (40-42)- XS/S (40-42);;;;4190.00;8;;Размеры:XS/S (40-42);;Ik2fEF9tC2nBpdi7doP5;9,30166E+11;;;;0;0;0;0
3,3485E+11;;RE-TBST-OR-02;;;Топ-бра рубчик / M/L (44-46)- M/L (44-46);;;;4190.00;2;;Размеры:M/L (44-46);;KSsbCOMhyS1iJTNzHl7R;9,30166E+11;;;;0;0;0;0
1,22366E+11;;;;"Топы и футболки;Рубчик";Топ-бра рубчик;;;https://static.tildacdn.com/stor6561-6237-4262-b262-626138626531/53474485.jpg;;;;;;cc4aa321-ffae-11ed-bc99-18037346542a;;розовый;;95% полиэстер, 5% эластан;0;0;0;0
3,45879E+11;;RE-TBST-P-01;;;Топ-бра рубчик / XS/S (40-42)- XS/S (40-42);;;;4190.00;1;;Размеры:XS/S (40-42);;LayN3fY3i7rVvbYguvx3;1,22366E+11;;;;0;0;0;0
2,14539E+11;;RE-TBST-P-02;;;Топ-бра рубчик / M/L (44-46)- M/L (44-46);;;;4190.00;2;;Размеры:M/L (44-46);;um6ukJxxrCV075y8LGA3;1,22366E+11;;;;0;0;0;0
2,25601E+11;;;;"Топы и футболки;Рубчик";Топ-бра рубчик;Топ-бра рубчик;;https://static.tildacdn.com/stor6331-3931-4931-a239-343761323230/93489922.jpg;;;;;;cc4aa325-ffae-11ed-bc99-18037346542a;;белый;"XS/S (40-42); M/L (44-46)";95% полиэстер, 5% эластан;0;0;0;0
9,14487E+11;;RE-TBST-W-01;;;Топ-бра рубчик / XS/S (40-42)- XS/S (40-42);;;;4190.00;3;;Размеры:XS/S (40-42);;6UtFp6l2smRdeYIEB7j8;2,25601E+11;;;;0;0;0;0
9,05992E+11;;RE-TBST-W-02;;;Топ-бра рубчик / M/L (44-46)- M/L (44-46);;;;4190.00;0;;Размеры:M/L (44-46);;ZJPgEG0vRHiSZdkBgifb;2,25601E+11;;;;0;0;0;0
5,01592E+11;;;;"Топы и футболки;Рубчик";Кроп-топ рубчик;Кроп-топ рубчик;;https://static.tildacdn.com/stor3732-3438-4534-a238-303339356431/73772623.jpg;;;;;;cc4aa329-ffae-11ed-bc99-18037346542a;;розовый;"XS/S (40-42); M/L (44-46)";95% полиэстер, 5% эластан;0;0;0;0
2,75902E+11;;RE-KTST-P-01;;;Кроп-топ рубчик / XS/S (40-42)- XS/S (40-42);;;;4990.00;2;;Размеры:XS/S (40-42);;pGysc9kjJUlSvTi2FuBz;5,01592E+11;;;;0;0;0;0
4,31669E+11;;RE-KTST-P-02;;;Кроп-топ рубчик / M/L (44-46)- M/L (44-46);;;;4990.00;0;;Размеры:M/L (44-46);;XhBUeRS6dCpgPymVIRTp;5,01592E+11;;;;0;0;0;0
6,20356E+11;;;;"Топы и футболки;Рубчик";Кроп-топ рубчик;Кроп-топ рубчик;;https://static.tildacdn.com/stor3634-3935-4934-a432-363166363430/15725504.jpg;;;;;;cc4aa32d-ffae-11ed-bc99-18037346542a;;голубой;XS/S (40-42);95% полиэстер, 5% эластан;0;0;0;0
6,04183E+11;;RE-KTST-B-01;;;Кроп-топ рубчик / XS/S (40-42)- XS/S (40-42);;;;4990.00;1;;Размеры:XS/S (40-42);;O1SFkgD2oJPIr95efAug;6,20356E+11;;;;0;0;0;0
1,18326E+11;;RE-KTST-B-02;;;Кроп-топ рубчик / M/L (44-46)- M/L (44-46);;;;4990.00;2;;Размеры:M/L (44-46);;sGfyGEDT6Zp8ceaZg550;6,20356E+11;;;;0;0;0;0
4,96673E+11;;;;"Топы и футболки;SOFT TOUCH";Топ с узлом;Топ с узлом;;https://static.tildacdn.com/stor6632-6137-4464-b762-396662646261/96002317.jpg;;;;;;cc4aa331-ffae-11ed-bc99-18037346542a;;синий;"XS(40); S (42); M (44)";95% полиэстер 5% спандекс;0;0;0;0
9,84213E+11;;RE-KTS-DBLUE-01;;;Топ с узлом / XS- XS;;;;5990.00;5;;Размеры:XS;;U3jtSdi0xontguxxVZ7U;4,96673E+11;;;;0;0;0;0
9,07076E+11;;RE-KTS-DBLUE-02;;;Топ с узлом / S- S;;;;5990.00;5;;Размеры:S;;VgfoRld2RMlbUSBjcu87;4,96673E+11;;;;0;0;0;0
2,72683E+11;;RE-KTS-DBLUE-03;;;Топ с узлом / M- M;;;;5990.00;5;;Размеры:M;;GAiejijJkvreZVAzGLRj;4,96673E+11;;;;0;0;0;0
1,60687E+11;;;;Леггинсы и велосипедки;Велосипедки на резинке;;;https://static.tildacdn.com/stor6535-6135-4533-b336-383939333066/79036175.jpg;;;;;;cc4aa343-ffae-11ed-bc99-18037346542a;;белый;XS/S (40-42);95% полиэстер, 5% эластан;0;0;0;0
8,4866E+11;;RE-CYCST-W-03;;;Велосипедки на резинке / XS-S- XS-S;;;;4490.00;1;;Размеры:XS-S;;SiNPzy4oj5YyVYmMTbff;1,60687E+11;;;;0;0;0;0
6,65079E+11;;RE-CYCST-W-04;;;Велосипедки на резинке / M-L- M-L;;;;4490.00;0;;Размеры:M-L;;SZko0Gb145EKD2TYFDav;1,60687E+11;;;;0;0;0;0
9,94766E+11;;;;Леггинсы и велосипедки;Велосипедки на резинке;;;https://static.tildacdn.com/stor3666-6538-4336-b533-393566623465/85907589.jpg;;;;;;cc4aa347-ffae-11ed-bc99-18037346542a;;голубой;XS/S (40-42);95% полиэстер, 5% эластан;0;0;0;0
7,15199E+11;;RE-CYCST-B-03;;;Велосипедки на резинке / XS-S- XS-S;;;;4490.00;4;;Размеры:XS-S;;e3n4zLcjjmFPpTLLGNXn;9,94766E+11;;;;0;0;0;0
5,54741E+11;;RE-CYCST-B-04;;;Велосипедки на резинке / M-L- M-L;;;;4490.00;2;;Размеры:M-L;;7mddaANlUS1I4Co8v9SF;9,94766E+11;;;;0;0;0;0
2,52964E+11;;;;"Брюки и шорты;Рубчик";Шорты на резинке;Шорты на резинке;;https://static.tildacdn.com/stor3266-3435-4636-b930-633635613931/20471579.jpg;;;;;;cc4aa34b-ffae-11ed-bc99-18037346542a;;голубой;XS/S (40-42);95% полиэстер, 5% эластан;0;0;0;0
5,81562E+11;;RE-SHST-B-03;;;Шорты на резинке / XS-S- XS-S;;;;4290.00;6;;Размеры:XS-S;;ESkXKradp2PIzA0zLPFl;2,52964E+11;;;;0;0;0;0
9,96185E+11;;RE-SHST-B-04;;;Шорты на резинке / M-L- M-L;;;;4290.00;2;;Размеры:M-L;;altrK36FhAKUig44meTS;2,52964E+11;;;;0;0;0;0
9,21675E+11;;;;"Топы и футболки;Рубчик";Топ рубчик;Топ рубчик;;https://static.tildacdn.com/stor3739-3033-4665-b134-653061636131/70686507.jpg;;;;;;0f8269cc-02b1-11ee-bc99-18037346542a;;голубой;"XS/S (40-42); M/L (44-46)";95% полиэстер, 5% эластан;0;0;0;0
1,44425E+11;;RE-TST-B-01;;;Топ рубчик / XS/S (40-42)- XS/S (40-42);;;;4490.00;3;;Размеры:XS/S (40-42);;JX8I1r2bkoyDiyenRJU4;9,21675E+11;;;;0;0;0;0
7,87043E+11;;RE-TST-B-02;;;Топ рубчик / M/L (44-46)- M/L (44-46);;;;4490.00;2;;Размеры:M/L (44-46);;HHXAAhniAZtRZ1JxnHAG;9,21675E+11;;;;0;0;0;0
6,0608E+11;;;;Комбинезоны;Ромпер;;;https://static.tildacdn.com/stor3566-6630-4562-b064-336564336432/41918402.jpg;;;;;;1DJUC7thudUIvFo2B5Zd;;черный;;82% нейлон, 18% спандекс;0;0;0;0
1,80072E+11;;RE-RO-BL-01;;;Ромпер / XS-S- XS-S;;;;7990.00;1;;Размеры:XS-S;;jAxn2XbAt5eYSaz4ysKa;6,0608E+11;;;;0;0;0;0
5,91473E+11;;RE-RO-BL-02;;;Ромпер / M-L- M-L;;;;7990.00;0;;Размеры:M-L;;irRzRfUOtTD59IbJRoTI;6,0608E+11;;;;0;0;0;0
1,87657E+11;;;;Комбинезоны;Комбинезон темно-синий горох;;;https://static.tildacdn.com/stor6366-3163-4636-b665-653062383430/44760527.jpg;;;;;;cgKzjkNKHjKeECsxZZrE;;темно-синий;;96% полиэстер, 4% спандекс;0;0;0;0
8,55338E+11;;RE-OV-B-02;;;Комбинезон темно-синий горох / S- S;;;;11790.00;2;;Размеры:S;;DJ6JGz7744URJgiVcAda;1,87657E+11;;;;0;0;0;0
5,08873E+11;;RE-OV-DB-03;;;Комбинезон темно-синий горох / M- M;;;;11790.00;2;;Размеры:M;;G2idHlpb9cKXnpNLLH8B;1,87657E+11;;;;0;0;0;0
7,96925E+11;;;;Комбинезоны;Комбинезон красный горох;;;https://static.tildacdn.com/stor3539-3132-4266-a239-633465343630/51766332.jpg;;;;;;yI8xujocZ9jxHfaA8yXT;;красный;;96% полиэстер, 4% спандекс;0;0;0;0
9,18684E+11;;RE-OV-R-02;;;Комбинезон красный горох / S- S;;;;11790.00;3;;Размеры:S;;3dNU8kiLyuyT9RSPgsmL;7,96925E+11;;;;0;0;0;0
5,132E+11;;RE-OV-R-03;;;Комбинезон красный горох / M- M;;;;11790.00;1;;Размеры:M;;JCDsEssuM7yGv9PNhaCd;7,96925E+11;;;;0;0;0;0
2,48568E+11;;;;Комбинезоны;Комбинезон коричневый горох;;;https://static.tildacdn.com/stor3165-6561-4535-b638-636331656537/76204852.jpg;;;;;;6NeKCJM3oTiHBTYUcF8D;;коричневый;;96% полиэстер, 4% спандекс;0;0;0;0
2,62638E+11;;RE-OV-BR-02;;;Комбинезон коричневый горох / S- S;;;;11790.00;4;;Размеры:S;;fiiupj3h5SoO4YVobkeb;2,48568E+11;;;;0;0;0;0
5,92426E+11;;RE-OV-BR-03;;;Комбинезон коричневый горох / M- M;;;;11790.00;3;;Размеры:M;;PXNzyRFFg37pnnZcbMfk;2,48568E+11;;;;0;0;0;0
6,68771E+11;;;;Комбинезоны;Комбинезон темно-зеленый горох;;;https://static.tildacdn.com/stor3562-6539-4034-b464-616536386138/65662344.jpg;;;;;;V5esAvuNOAHNilYPbX4a;;темно-зеленый;;96% полиэстер, 4% спандекс;0;0;0;0
1,57046E+11;;RE-OV-DG-02;;;Комбинезон темно-зеленый горох / S- S;;;;11790.00;4;;Размеры:S;;fg0EEYkrKSoK9IhfDkPI;6,68771E+11;;;;0;0;0;0
6,86881E+11;;RE-OV-DG-03;;;Комбинезон темно-зеленый горох / M- M;;;;11790.00;1;;Размеры:M;;JzAOEI2vlIoHrzHL7MI3;6,68771E+11;;;;0;0;0;0
1,60865E+11;;;;Комбинезоны;Ромпер;;;https://static.tildacdn.com/stor6531-3631-4563-a461-663037663863/84474272.jpg;;;;;;iXyuaXduSeluXxrXabu7;;синий;;82% нейлон, 18% спандекс;0;0;0;0
1,0384E+11;;RE-RO-BLU-01;;;Ромпер / XS-S- XS-S;;;;7990.00;1;;Размеры:XS-S;;gXucVbz00G3rV6D5BPb3;1,60865E+11;;;;0;0;0;0
2,65056E+11;;RE-RO-BLU-02;;;Ромпер / M-L- M-L;;;;7990.00;2;;Размеры:M-L;;fo7spEfzSeuVKjtYGkgO;1,60865E+11;;;;0;0;0;0
3,23229E+11;;;;Топы и футболки;Футболка Everrever;;;https://static.tildacdn.com/stor6666-3537-4663-b638-396635366238/36795430.jpg;;;;;;tNo24GyR1ACLURTHmRbp;;;oversize;95% бамбук, 5% лайкра;0;0;0;0
8,90347E+11;;RE-TS-BRB-01;;;Футболка Everrever / oversize- oversize;;;;6000.00;;;Размеры:oversize;;vNjUkCcOfGVja5gKk3jR;3,23229E+11;;;;0;0;0;0
6,22944E+11;;;;"Леггинсы и велосипедки;test";Велосипедки everrever;;;https://static.tildacdn.com/stor3335-3538-4131-b135-363836386263/68288892.jpg;;;;;;ml8Noy2PVCNXcP7mdIMF;;;;70% вискоза, 25% полиэстер, 5% эластан;0;0;0;0
2,03628E+11;;RE-CYC-PINB-01;;;Велосипедки everrever / XS- XS;;;;4299.00;1;;Размеры:XS;;trrgMnVcUAfAIDJJPUra;6,22944E+11;;;;0;0;0;0
7,30882E+11;;RE-CYC-PINB-02;;;Велосипедки everrever / S- S;;;;4299.00;0;;Размеры:S;;XRt3TGEElDXYIFmP7j41;6,22944E+11;;;;0;0;0;0
9,95702E+11;;RE-CYC-PINB-03;;;Велосипедки everrever / M- M;;;;4299.00;1;;Размеры:M;;z3J9NttCGPbev98Odbfg;6,22944E+11;;;;0;0;0;0
9,08783E+11;;;;Леггинсы и велосипедки;Велосипедки everrever;;;https://static.tildacdn.com/stor6664-3938-4564-a135-653366343730/98237564.jpg;;;;;;u9egiNLzBvSC48gNF5N8;;черно-розовый;;70% вискоза, 25% полиэстер, 5% эластан;0;0;0;0
2,65926E+11;;RE-CYC-BLPN-01;;;Велосипедки everrever / XS- XS;;;;4299.00;0;;Размеры:XS;;Bm6f0ti8MnhHN1kCbvta;9,08783E+11;;;;0;0;0;0
1,22472E+11;;RE-CYC-BLPN-02;;;Велосипедки everrever / S- S;;;;4299.00;3;;Размеры:S;;KGHRpat6b8NJ9HiBHl8A;9,08783E+11;;;;0;0;0;0
4,8465E+11;;RE-CYC-BLPN-03;;;Велосипедки everrever / M- M;;;;4299.00;1;;Размеры:M;;oASp7FrGbIM6YaYiedu0;9,08783E+11;;;;0;0;0;0
7,78414E+11;;;;"Топы и футболки;SOFT TOUCH";Футболка-туника;;;https://static.tildacdn.com/stor3430-3066-4164-b063-326362386363/24702278.jpg;;;;;;KAkgB8zx8XzHVcj3A1OL;;розовый;onesize;70% вискоза, 25% полиэстер, 5% эластан;0;0;0;0
7,19158E+11;;RE-TS-P-01;;;Футболка-туника / onesize- onesize;;;;5890.00;1;;Размеры:onesize;;rPJL9jhEcunIVCFXzeK6;7,78414E+11;;;;0;0;0;0
1,06277E+11;;;;Аксессуары;Резинка для волос;;;https://static.tildacdn.com/stor3662-6166-4336-b365-623336323136/58258737.jpg;;;;;;HdC1ZXLxJdgiFinAhTUr;;шоколадный;;;0;0;0;0
4,0466E+11;;RE-SC-BRW-01;;;Резинка для волос / Small- Small;;;https://static.tildacdn.com/stor3537-3637-4965-b165-613965386361/81314468.jpg;400.00;;;Размеры:Small;;IdESHYPsjhLSV2VhXasM;1,06277E+11;;;;0;0;0;0
4,73816E+11;;RE-SC-BRW-02;;;Резинка для волос / Big- Big;;;https://static.tildacdn.com/stor3662-6166-4336-b365-623336323136/58258737.jpg;500.00;;;Размеры:Big;;FZRRdd7IHJ0jDmRegcTT;1,06277E+11;;;;0;0;0;0
8,32947E+11;;;;Аксессуары;Резинка для волос;;;https://static.tildacdn.com/stor3632-3665-4131-b931-353732323564/90310558.jpg;;;;;;vX1yfbBJyt8Ubp5A61nv;;бордовый;;;0;0;0;0
5,14537E+11;;RE-SC-BOR-01;;;Резинка для волос / Small- Small;;;https://static.tildacdn.com/stor3931-3761-4465-a630-373732656137/20852481.jpg;400.00;;;Размеры:Small;;8pk7yvHXhhS9MtBemfRh;8,32947E+11;;;;0;0;0;0
3,54058E+11;;RE-SC-BOR-02;;;Резинка для волос / Big- Big;;;https://static.tildacdn.com/stor3632-3665-4131-b931-353732323564/90310558.jpg;500.00;;;Размеры:Big;;SpDfjlOPsoTG6UopmiNo;8,32947E+11;;;;0;0;0;0
7,2786E+11;;;;Аксессуары;Резинка для волос;;;https://static.tildacdn.com/stor6461-3362-4238-b365-343233656538/63194158.jpg;;;;;;Axz95Lte7HPtclJ6aOlv;;бежевый;;;0;0;0;0
3,47241E+11;;RE-SC-BO-01;;;Резинка для волос / Small- Small;;;https://static.tildacdn.com/stor6461-3362-4238-b365-343233656538/63194158.jpg;400.00;;;Размеры:Small;;lrGf1peZNSUJNLoJ8utb;7,2786E+11;;;;0;0;0;0
7,31174E+11;;RE-SC-BO-02;;;Резинка для волос / Big- Big;;;https://static.tildacdn.com/stor3032-3862-4231-a535-626531663063/81150907.jpg;500.00;;;Размеры:Big;;3d8iGi5BSO7VaoYv4AZM;7,2786E+11;;;;0;0;0;0
9,88703E+11;;;;Аксессуары;Резинка для волос;;;https://static.tildacdn.com/stor3364-3535-4637-b837-653130613432/53823529.jpg;;;;;;KJ3Nb1yo0xkGSKir6Zex;;белый;;;0;0;0;0
7,06702E+11;;RE-SC-W-01;;;Резинка для волос / Small- Small;;;https://static.tildacdn.com/stor6261-6139-4838-a437-303161343466/49516778.jpg;400.00;;;Размеры:Small;;n4Hnxr3p34mcLUvj4ysb;9,88703E+11;;;;0;0;0;0
1,73473E+11;;RE-SC-W-02;;;Резинка для волос / Big- Big;;;https://static.tildacdn.com/stor3364-3535-4637-b837-653130613432/53823529.jpg;500.00;;;Размеры:Big;;lRls8FtLGeue4BF3IlSH;9,88703E+11;;;;0;0;0;0
6,70295E+11;;;;Аксессуары;Резинка для волос;;;https://static.tildacdn.com/stor6261-3036-4265-b933-656261343166/14803194.jpg;;;;;;LCbKNmdH1uHUIB4V7d12;;черный;;;0;0;0;0
8,28649E+11;;RE-SC-BL-01;;;Резинка для волос / Small- Small;;;https://static.tildacdn.com/stor3931-3930-4339-b335-393135363061/55392919.jpg;400.00;;;Размеры:Small;;PyT4oAj8ZM4fBHGVBXPp;6,70295E+11;;;;0;0;0;0
4,39165E+11;;RE-SC-BL-02;;;Резинка для волос / Big- Big;;;https://static.tildacdn.com/stor6261-3036-4265-b933-656261343166/14803194.jpg;500.00;;;Размеры:Big;;JKrlpU08BVkjcixVmJgS;6,70295E+11;;;;0;0;0;0
2,6269E+11;;RE-HB-BL-01;;Аксессуары;Повязка на голову;;;https://static.tildacdn.com/stor3665-3966-4736-b737-383661373661/36316942.jpg;1450.00;;;;;yuLnlT9IzBi6vp2uKIul;;черный;onesize;;0;0;0;0
1,81938E+11;;RE-HB-LI-01;;Аксессуары;Повязка на голову;;;https://static.tildacdn.com/stor6365-6265-4635-b439-643331613437/14545553.jpg;1450.00;;;;;mV4UDiB1O0955OUSmYVT;;сиреневый;onesize;;0;0;0;0
8,56514E+11;;RE-HB-BOR-01;;Аксессуары;Повязка на голову;;;https://static.tildacdn.com/stor6461-3366-4865-a631-333635666634/34754325.jpg;1450.00;;;;;GchupXkMh6iLERteeySA;;бордовый;onesize;;0;0;0;0
2,60041E+11;;RE-HB-BRW-01;;Аксессуары;Повязка на голову;;;https://static.tildacdn.com/stor6561-3633-4439-b339-643032303536/67009436.jpg;1450.00;;;;;YFcCOuH3IkeSCYZ7XnP9;;шоколадный;onesize;;0;0;0;0
6,47772E+11;;RE-HB-WH-01;;Аксессуары;Повязка на голову;;;https://static.tildacdn.com/stor3133-3936-4538-a634-313330353636/73497668.jpg;1450.00;;;;;ofoUIaDRF2HeCNZnucCh;;белый;onesize;;0;0;0;0
8,30658E+11;;RE-HB-BO-01;;Аксессуары;Повязка на голову;;;https://static.tildacdn.com/stor6334-3964-4463-b130-663434633836/37206136.jpg;1450.00;;;;;xXPoYvx8bFlLl7aEONBy;;бежевый;onesize;;0;0;0;0
3,47521E+11;;;;Комбинезоны;Комбинезон Fix Shape;;;https://static.tildacdn.com/stor3032-3561-4365-a236-306535616331/16516734.jpg;;;;;;Dxo9hBa7LiZr2Bctj1b0;;оранжевый;M/L (44-46);22% эластан, 78% полиэстер;0;0;0;0
5,19369E+11;;RE-OV-ORG-01;;;Комбинезон Fix Shape / XS- XS;;;;13190.00;2;;Размеры:XS;;0nHmGOalsdgKenbnli6a;3,47521E+11;;;;0;0;0;0
3,504E+11;;RE-OV-ORG-02;;;Комбинезон Fix Shape / M-L- M-L;;;;13190.00;2;;Размеры:M-L;;t1UgdUUXOAYv3y0yhdxe;3,47521E+11;;;;0;0;0;0
4,21427E+11;;;;Комбинезоны;Комбинезон everrever;Комбинезон everrever;;https://static.tildacdn.com/stor3563-6264-4065-b062-353631353433/83245068.jpg;;;;;;jfc7f4RTeofJ3TkGaK0N;;мультиколор;;70%полиэстер , 30% эластан;0;0;0;0
5,52271E+11;;RE-OV-MC-05;;;Комбинезон everrever / xs/s- xs/s;;;;12490.00;8;;Размеры:xs/s;;xoobH2U4etKe4ey9s5G0;4,21427E+11;;;;0;0;0;0
4,95631E+11;;RE-OV-MC-06;;;Комбинезон everrever / m/l- m/l;;;;12490.00;8;;Размеры:m/l;;9BbRVSTjXcgiP2riUe5g;4,21427E+11;;;;0;0;0;0
2,33647E+11;;;;"Топы и футболки;SOFT TOUCH";Лонгслив;;;https://static.tildacdn.com/stor3066-6534-4263-a237-613337343930/14784257.jpg;;;;;;jyrj3fItZGx768xFrLGR;;розовый;;70% вискоза , 25% полиэстер , 5% эластан;0;0;0;0
6,16216E+11;;RE-LS-PIN-01;;;Лонгслив / XS/S (40-42)- XS/S (40-42);;;;5590.00;0;;Размеры:XS/S (40-42);;RKiCPaBCDuuZulKPRejD;2,33647E+11;;;;0;0;0;0
8,55061E+11;;RE-LS-PIN-02;;;Лонгслив / M/L (44-46)- M/L (44-46);;;;5590.00;3;;Размеры:M/L (44-46);;6HIPDNE78kbLXOHFuFDH;2,33647E+11;;;;0;0;0;0
7,37715E+11;;;;"Комбинезоны;everrever by Victoria Demidova";Комбинезон с принтом;;;https://static.tildacdn.com/stor3163-3630-4230-b963-613031666338/80526418.jpg;;;;;;biZj8Bro06YtL3rY9CYd;;мультиколор;;82% нейлон , 18% спандекс;0;0;0;0
6,0833E+11;;RE-OV-MCV-01;;;Комбинезон с принтом / xs (40)- xs (40);;;;11790.00;9;;Размеры:xs (40);;IydkIeUNcjIMYERFE03n;7,37715E+11;;;;0;0;0;0
9,41606E+11;;RE-OV-MCV-02;;;Комбинезон с принтом / s (42)- s (42);;;;11790.00;4;;Размеры:s (42);;tV3eNrcaB32lp3irG5pe;7,37715E+11;;;;0;0;0;0
9,165E+11;;RE-OV-MCV-03;;;Комбинезон с принтом / m (44)- m (44);;;;11790.00;8;;Размеры:m (44);;gJgicNdTMacrVFrG3JVG;7,37715E+11;;;;0;0;0;0
8,55979E+11;;;;"Комбинезоны;everrever by Victoria Demidova";Комбинезон Fix Shape;;;https://static.tildacdn.com/stor3833-6133-4639-b437-303965376236/91760678.jpg;;;;;;YTZSRiAx19ygVjhNA0p4;;красный;;80% полиамид 20%эластан;0;0;0;0
7,02357E+11;;RE-OV-DEMI-01;;;Комбинезон Fix Shape / s (42)- s (42);;;;13190.00;;;Размеры:s (42);;kA0o2ncptnB917GrLyYX;8,55979E+11;;;;0;0;0;0
9,48804E+11;;RE-OV-DEMI-02;;;Комбинезон Fix Shape / m (44)- m (44);;;;13190.00;;;Размеры:m (44);;Gk7ve0TL9BMtgLzk60Ue;8,55979E+11;;;;0;0;0;0
4,60705E+11;;RE-OV-DEMI-03;;;Комбинезон Fix Shape / l (46)- l (46);;;;13190.00;;;Размеры:l (46);;BJS4Z45SJylGJ59eTA5b;8,55979E+11;;;;0;0;0;0
1,98656E+11;;;;"Комбинезоны;everrever by Victoria Demidova";Комбинезон Hide the side;;;https://static.tildacdn.com/stor6431-3136-4330-b565-376366346466/68714825.jpg;;;;;;0anaMf3k27bhLNM2kayv;;;;78% полиэстер , 22% эластан;0;0;0;0
6,94343E+11;;RE-OV-BLUE-01;;;Комбинезон Hide the side / xs (40)- xs (40);;;;11790.00;;;Размеры:xs (40);;4BzUacNG8e8a1JzSzFam;1,98656E+11;;;;0;0;0;0
5,59977E+11;;RE-OV-BLUE-02;;;Комбинезон Hide the side / s (42)- s (42);;;;11790.00;;;Размеры:s (42);;gpcA3USPeYcmRSgRP2zZ;1,98656E+11;;;;0;0;0;0
6,95266E+11;;RE-OV-BLUE-03;;;Комбинезон Hide the side / m (44)- m (44);;;;11790.00;;;Размеры:m (44);;pnD5f7IaZ4fdAY3LEjtX;1,98656E+11;;;;0;0;0;0
6,28956E+11;;;;"Брюки и шорты;everrever by Victoria Demidova";Шорты Glam Sport;;;https://static.tildacdn.com/stor6536-3530-4639-b063-616631643462/88004676.jpg;;;;;;B5FzdJ2i5UISlSJChcGv;;Голубой;;100% полиэфир;0;0;0;0
8,09382E+11;;RE-SH-BLU-01;;;Шорты Glam Sport / XS-S (40-42)- XS-S (40-42);;;;7900.00;;;Размеры:XS-S (40-42);;p1OiHpodJZi2NOM5acvg;6,28956E+11;;;;0;0;0;0
1,76392E+11;;RE-SH-BLU-02;;;Шорты Glam Sport / M-L (44-46)- M-L (44-46);;;;7900.00;;;Размеры:M-L (44-46);;25Y53ry1Bk2ft9Bb7YHP;6,28956E+11;;;;0;0;0;0
4,18281E+11;;;;"Топы и футболки;everrever by Victoria Demidova";Топ с сеткой;;;https://static.tildacdn.com/stor6339-3930-4832-b164-636433373462/81316104.jpg;;;;;;166dP0MIrCx1rFcRYlxo;;Белый;;82% нейлон, 18% спандекс;0;0;0;0
9,4072E+11;;RE-T-WH-03;;;Топ с сеткой / XS/S- XS/S;;;;5290.00;6;;Размеры:XS/S;;JOUzBn0ZtUbt9pMVUvIc;4,18281E+11;;;;0;0;0;0
5,23402E+11;;RE-T-WH-04;;;Топ с сеткой / M/l- M/l;;;;5290.00;7;;Размеры:M/l;;9PRSmOXxmiVeZTLzgYCk;4,18281E+11;;;;0;0;0;0
8,35231E+11;;;;Комбинезоны;Комбинезон Fix Shape;;;https://static.tildacdn.com/stor6163-3931-4264-b665-383930313239/30040497.jpg;;;;;;gigfAvK1PN81AGb5FyS0;;синий;;80% полиамид 20%эластан;0;0;0;0
7,78022E+11;;RE-OV-FBLU-01;;;Комбинезон Fix Shape / s (42)- s (42);;;;13190.00;15;;Размеры:s (42);;pSfVEF6EsO5p89Ni5ZZN;8,35231E+11;;;;0;0;0;0
1,82487E+11;;RE-OV-FBLU-02;;;Комбинезон Fix Shape / m (44)- m (44);;;;13190.00;8;;Размеры:m (44);;dgZnoe85drpcbfbrxHKZ;8,35231E+11;;;;0;0;0;0
4,87028E+11;;RE-OV-FBLU-03;;;Комбинезон Fix Shape / l (46)- l (46);;;;13190.00;10;;Размеры:l (46);;L48EHzZxbTNiKAOXK8bj;8,35231E+11;;;;0;0;0;0
2,57726E+11;;;;Комбинезоны;Комбинезон Fix Shape;;;https://static.tildacdn.com/stor3665-3034-4064-b335-343365313265/15147170.jpg;;;;;;hyZ7r57VDfCAEVRvxL4O;;голубой;;80% полиамид 20%эластан;0;0;0;0
4,23747E+11;;RE-OV-FTU-01;;;Комбинезон Fix Shape / s (42)- s (42);;;;13190.00;8;;Размеры:s (42);;zsHI5eC10FRO2mN2cNaf;2,57726E+11;;;;0;0;0;0
3,3253E+11;;RE-OV-FTU-02;;;Комбинезон Fix Shape / m (44)- m (44);;;;13190.00;8;;Размеры:m (44);;v0UDo160odn8vF5keBUi;2,57726E+11;;;;0;0;0;0
9,40212E+11;;RE-OV-FTU-03;;;Комбинезон Fix Shape / l (46)- l (46);;;;13190.00;8;;Размеры:l (46);;udaEcXlF8ITgTjzOUiH8;2,57726E+11;;;;0;0;0;0
6,02838E+11;;;;Комбинезоны;Комбинезон Hide the side;;;https://static.tildacdn.com/stor3339-3739-4636-b461-626663663031/12349370.jpg;;;;;;9yfzRG4yv4XOOaaEJuLi;;охра;;78% полиэстер , 22% эластан;0;0;0;0
6,7619E+11;;RE-OV-OX-01;;;Комбинезон Hide the side / xs (40)- xs (40);;;;11790.00;1;;Размеры:xs (40);;dYo0ksXGrkb3r9np2tnI;6,02838E+11;;;;0;0;0;0
5,35166E+11;;RE-OV-OX-02;;;Комбинезон Hide the side / s (42)- s (42);;;;11790.00;10;;Размеры:s (42);;RF2O7HadulMlvCvbE31L;6,02838E+11;;;;0;0;0;0
1,78038E+11;;RE-OV-OX-03;;;Комбинезон Hide the side / m (44)- m (44);;;;11790.00;1;;Размеры:m (44);;3Ym7gpMbahJIFE24m0UT;6,02838E+11;;;;0;0;0;0
2,10365E+11;;;;Брюки и шорты;Шорты Glam Sport;;;https://static.tildacdn.com/stor3463-3230-4739-a566-393236623335/47759542.jpg;;;;;;UIGpb2y4v6f124lafaJR;;охра-мультиколор;;100% полиэстер;0;0;0;0
8,6038E+11;;RE-SH-OB-01;;;Шорты Glam Sport / xs/s (40-42)- xs/s (40-42);;;;7900.00;0;;Размеры:xs/s (40-42);;OiKpn2VV2MDTr9n7nCOr;2,10365E+11;;;;0;0;0;0
9,15228E+11;;RE-SH-OB-02;;;Шорты Glam Sport / m/l (44-46)- m/l (44-46);;;;7900.00;3;;Размеры:m/l (44-46);;6llrE0bc5JvtnvGmju77;2,10365E+11;;;;0;0;0;0
8,11009E+11;;;;Брюки и шорты;Шорты Glam Sport;;;https://static.tildacdn.com/stor3536-3039-4734-b237-663838343261/18704206.jpg;;;;;;czPX2NxAC3rlyPacJJm4;;охра-мультиколор;;100% полиэстер;0;0;0;0
1,81637E+11;;RE-SH-OG-01;;;Шорты Glam Sport / xs/s (40-42)- xs/s (40-42);;;;7900.00;1;;Размеры:xs/s (40-42);;Tr0ktpfEAjuT92LtCHs3;8,11009E+11;;;;0;0;0;0
8,32269E+11;;RE-SH-OG-02;;;Шорты Glam Sport / m/l (44-46)- m/l (44-46);;;;7900.00;1;;Размеры:m/l (44-46);;gulMetpYVMJviFAIupti;8,11009E+11;;;;0;0;0;0
6,70084E+11;;RE-TS-PR-01;;"Топы и футболки;SOFT TOUCH";Футболка-туника;;;https://static.tildacdn.com/stor3234-6138-4434-a266-353431303432/12079650.jpg;5890.00;1;;;;0yMadIk86xRDAvxDKl8O;;пылно-розовый;oversize;70% вискоза, 25% полиэстер, 5% эластан;0;0;0;0
4,0515E+11;;RE-TS-BRWS-01;;"Топы и футболки;SOFT TOUCH";Футболка-туника;;;https://static.tildacdn.com/stor3165-6332-4637-b364-356131313566/47269688.jpg;5890.00;5;;;;lBSnym3Rrvh9RYfph7aN;;коричневый;onesize;95% полиэстер 5% спандекс;0;0;0;0
1,27021E+11;;RE-TS-BEIS-01;;"Топы и футболки;SOFT TOUCH";Футболка-туника;;;https://static.tildacdn.com/stor3731-3939-4531-a265-613837326432/80885270.jpg;5890.00;6;;;;GPMtiztl1fi5DnypTRmZ;;бежевый;onesize;95% полиэстер 5% спандекс;0;0;0;0
4,23782E+11;;;;"Топы и футболки;SOFT TOUCH";Футболка на завязках;;;https://static.tildacdn.com/stor3063-6237-4434-b361-656132323336/71598075.jpg;;;;;;SPoT5Y12JXVyzXvp0roC;;белый;;95% полиэстер 5% спандекс;0;0;0;0
2,55887E+11;;RE-TSS-WS-01;;;Футболка на завязках / xs/s (40-42)- xs/s (40-42);;;;4990.00;9;;Размеры:xs/s (40-42);;lGV86x3yhije3dsUerul;4,23782E+11;;;;0;0;0;0
9,27764E+11;;RE-TSS-WS-02;;;Футболка на завязках / m/l (44-46)- m/l (44-46);;;;4990.00;5;;Размеры:m/l (44-46);;ybE4pejohUY3cd9TOafF;4,23782E+11;;;;0;0;0;0
1,30268E+11;;RE-TS-HA-02;;"Топы и футболки;SOFT TOUCH";Футболка-туника;;;https://static.tildacdn.com/stor6136-3133-4164-b066-663363316364/67905887.jpg;5890.00;2;;;;FtPTdCcYG6MczDB9t6lT;;хакки;onesize;70% високза, 25%полиэстр, 5% эластан;0;0;0;0
3,09533E+11;;;;Костюмы;Ромпер;;;https://static.tildacdn.com/stor3061-3866-4137-b731-306433653936/86285178.jpg;;;;;;FYrxvBfibRJBgDjlJrkm;;Зеленый;;50% вискоза, 25% полиамид, 20% полиэстер, 5% эластан;0;0;0;0
8,73852E+11;;RE-RO-G-01;;;Ромпер / xs/s (40-42)- xs/s (40-42);;;;7990.00;3;;Размеры:xs/s (40-42);;dc3EneI2cNONFj3gCGih;3,09533E+11;;;;0;0;0;0
8,89212E+11;;RE-RO-G-02;;;Ромпер / m/l (44-46)- m/l (44-46);;;;7990.00;2;;Размеры:m/l (44-46);;oEbIPXNH0aBnKKzj7D6T;3,09533E+11;;;;0;0;0;0
4,14484E+11;;RE-SW-WHITE-01;;Худи и толстовки;"Cвитшот ""Show me money""";;;https://static.tildacdn.com/stor6534-3866-4634-b666-376636323934/88276333.jpg;9959.00;8;;;;MMuoJIDY2gTtMimpxSx9;;белый;oversize;70% хлопок , 30% полиэестер;0;0;0;0
1,39885E+11;;;;"Что из новинок?;Комбинезоны";Комбинезон Limited edition;;Комбинезоны limited edition из премиального итальянского бархата с идеальной посадкой в трех классических цветах black/white/red с контрастным, идеально продуманным декольте, которое подчеркнет форму любого бюста и сделает ваш образ незабываемым .;https://static.tildacdn.com/stor6330-3761-4631-b862-356265373537/20150831.jpg;;;;;;nDu9CBHFLYfANkKaU1Us;;черно-белый;"M/L (44-46); XS/S (40-42)";"82% нейлон, 18% спандекс;78% полиэстер, 22% эластан";0;0;0;0
2,52186E+11;;RE-OV-BLWH-01;;;Комбинезон Limited edition / S(42)- S(42);;;;23800.00;;;Размеры:S(42);;yU6bsT3pC5Nne3Lf0nKU;1,39885E+11;;;;0;0;0;0
2,70034E+11;;RE-OV-BLWH-02;;;Комбинезон Limited edition / М (44)- М (44);;;;23800.00;;;Размеры:М (44);;AoaCg2zv97dRfh10xKuZ;1,39885E+11;;;;0;0;0;0
8,48746E+11;;RE-OV-BLWH-03;;;Комбинезон Limited edition / L (46)- L (46);;;;23800.00;;;Размеры:L (46);;mFvP8pyTjxb3s645Hjcb;1,39885E+11;;;;0;0;0;0
7,50634E+11;;;;"Что из новинок?;Комбинезоны";Комбинезон Limited edition;;Комбинезоны limited edition из премиального итальянского бархата с идеальной посадкой в трех классических цветах black/white/red с контрастным, идеально продуманным декольте, которое подчеркнет форму любого бюста и сделает ваш образ незабываемым .;https://static.tildacdn.com/stor3637-6363-4339-a266-626634343138/69637719.jpg;;;;;;OuVXFdfMuDiLXMBvb4EO;;черный;"M/L (44-46); XS/S (40-42)";78% полиэстер, 18 % эластан;0;0;0;0
7,73729E+11;;RE-OV-BLACK-01;;;Комбинезон Limited edition / S(42)- S(42);;;;23800.00;;;Размеры:S(42);;oonT2HDUdjAtdYAJiATZ;7,50634E+11;;;;0;0;0;0
8,45734E+11;;RE-OV-BLACK-02;;;Комбинезон Limited edition / М (44)- М (44);;;;23800.00;;;Размеры:М (44);;1YCyP1tugi6mgIr7li3V;7,50634E+11;;;;0;0;0;0
2,59794E+11;;RE-OV-BLACK-03;;;Комбинезон Limited edition / L (46)- L (46);;;;23800.00;;;Размеры:L (46);;g5fpNzXLjPI1eSmSRgbK;7,50634E+11;;;;0;0;0;0
7,00907E+11;;;;"Что из новинок?;Комбинезоны";Комбинезон Limited edition;;Комбинезоны limited edition из премиального итальянского бархата с идеальной посадкой в трех классических цветах black/white/red с контрастным, идеально продуманным декольте, которое подчеркнет форму любого бюста и сделает ваш образ незабываемым .;https://static.tildacdn.com/stor3037-3934-4131-b333-373032383731/57105019.jpg;;;;;;oAe5zodxfZUPKScaSEUm;;черно-красный;"M/L (44-46); XS/S (40-42)";"82% нейлон, 18% спандекс;78% полиэстер, 22% эластан";0;0;0;0
8,24274E+11;;RE-OV-BLRED-01;;;Комбинезон Limited edition / S(42)- S(42);;;;23800.00;;;Размеры:S(42);;y5osHDacuexobPnxAapr;7,00907E+11;;;;0;0;0;0
1,54952E+11;;RE-OV-BLRED-02;;;Комбинезон Limited edition / М (44)- М (44);;;;23800.00;;;Размеры:М (44);;SPxnMXCXk0BBGXRE4JeK;7,00907E+11;;;;0;0;0;0
7,32586E+11;;RE-OV-BLRED-03;;;Комбинезон Limited edition / L (46)- L (46);;;;23800.00;;;Размеры:L (46);;5CH7hoeuSHuyAjZlOdGG;7,00907E+11;;;;0;0;0;0
2,77458E+11;;;;"Топы и футболки;SOFT TOUCH";Топ с узлом;;;https://static.tildacdn.com/stor6536-3933-4465-b934-623866303861/91370411.jpg;;;;;;BavxX9pCK202ENtjR73I;;;;95% полиэстер 5% спандекс;0;0;0;0
2,29928E+11;;RE-KTS-BLUS-01;;;Топ с узлом / XS (40)- XS (40);;;;5990.00;;;Размеры:XS (40);;4NGry3EsOcyrFdOCFntJ;2,77458E+11;;;;0;0;0;0
2,08444E+11;;RE-KTS-BLUS-02;;;Топ с узлом / S (42)- S (42);;;;5990.00;;;Размеры:S (42);;5S5NUd6catv9fYIYhUzc;2,77458E+11;;;;0;0;0;0
1,26283E+11;;RE-KTS-BLUS-03;;;Топ с узлом / M (44)- M (44);;;;5990.00;;;Размеры:M (44);;jrxz2gOZnnuV07foNVgY;2,77458E+11;;;;0;0;0;0
3,85882E+11;;;;"Брюки и шорты;SOFT TOUCH";Брюки прямые;;;https://static.tildacdn.com/stor3931-6435-4135-b630-336466353965/34057514.jpg;;;;;;bf5LKZHsvuDmYkcc5nNk;;голубой;;95% полиэстер 5% спандекс;0;0;0;0
4,49796E+11;;RE-TR-BLUS-01;;;Брюки прямые / XS/S (40-42)- XS/S (40-42);;;;7190.00;;;Размеры:XS/S (40-42);;JCV2kkU6FyRtrbIg5ZGZ;3,85882E+11;;;;0;0;0;0
6,4681E+11;;RE-TR-BLUS-02;;;Брюки прямые / M-L (44-46)- M-L (44-46);;;;7190.00;;;Размеры:M-L (44-46);;h7vujy2do1AM6nz0XJPM;3,85882E+11;;;;0;0;0;0
3,22575E+11;;RE-TR-BLUS-03;;;Брюки прямые / L (46)- L (46);;;;7190.00;;;Размеры:L (46);;GYPp3VIaMIXHRTn6jklD;3,85882E+11;;;;0;0;0;0
3,89676E+11;;;;"Топы и футболки;SOFT TOUCH";Футболка на завязках;;;https://static.tildacdn.com/stor6434-3030-4939-a133-626234316538/93365664.jpg;;;;;;kak64omZ4ZNM3OUtgNrC;;голубой;;95% полиэстер 5% спандекс;0;0;0;0
6,53349E+11;;RE-TSS-BS-01;;;Футболка на завязках / xs/s (40-42)- xs/s (40-42);;;;4990.00;9;;Размеры:xs/s (40-42);;G4KRszBLhfz4oDGsybI0;3,89676E+11;;;;0;0;0;0
1,13944E+11;;RE-TSS-BS-02;;;Футболка на завязках / m/l (44-46)- m/l (44-46);;;;4990.00;6;;Размеры:m/l (44-46);;LThsj5OjsLofKHgHPYr4;3,89676E+11;;;;0;0;0;0
2,0001E+11;;RE-SW-ECR-01;;Худи и толстовки;Свитшот;;;https://static.tildacdn.com/stor6135-6536-4663-b162-373866326162/26939355.jpg;10200.00;;;;;gAhIourMXas6aYgo2UyZ;;молочный;oversize;95% хлопок, 5% эластан;0;0;0;0
9,86863E+11;;RE-SW-BLUE-01;;Худи и толстовки;Свитшот;;;https://static.tildacdn.com/stor6131-3765-4133-b433-333138356165/90027377.jpg;10200.00;;;;;IhGML3cCBo3VvvkODDSV;;синий;oversize;95% хлопок, 5% эластан;0;0;0;0
